:020000040800F2
:10000000787200208D4B0008D54B0008D54B0008B6
:10001000D54B0008D54B0008D54B00080000000068
:10002000000000000000000000000000F187000850
:10003000D54B00080000000019890008A18D0008B8
:10004000D54B0008D54B0008D54B0008D54B000810
:10005000D54B0008D54B0008D9060008D54B000841
:10006000D54B0008D54B0008D54B0008D54B0008F0
:10007000D54B0008D54B0008D54B0008D54B0008E0
:10008000D54B0008D54B0008D54B00083D060008AD
:1000900031060008D54B0008D54B0008D54B0008A9
:1000A000D54B0008D54B0008D54B0008D54B0008B0
:1000B000D54B0008D54B0008D54B0008D54B0008A0
:1000C000D54B0008D54B0008D54B0008D54B000890
:1000D000D54B0008D54B0008D54B0008D54B000880
:1000E00049060008D54B0008D54B0008D54B000841
:1000F000D54B0008D54B0008D54B0008D54B000860
:10010000D54B0008D54B0008D54B0008D54B00084F
:10011000D54B0008D54B0008D54B0008D54B00083F
:10012000D54B0008D54B0008D54B0008D54B00082F
:1001300010B5054C237833B9044B13B10448AFF321
:1001400000800123237010BD380300200000000050
:1001500070A4000808B5034B1BB103490348AFF373
:10016000008008BD000000003C03002070A40008CF
:100170007BB972B90029BEBF00204FF0004106E0F4
:1001800008BF00281CBF6FF000414FF0FF3000F0A7
:10019000D3B9ADF1080C6DE904CE002909DB002BC1
:1001A0001ADB00F04DF8DDF804E0DDE9022304B0CD
:1001B0007047404261EB4101002B1BDB00F040F82F
:1001C000DDF804E0DDE9022304B0404261EB4101C7
:1001D000524263EB43037047524263EB430300F028
:1001E0002FF8DDF804E0DDE9022304B0404261EBC2
:1001F00041017047524263EB430300F021F8DDF800
:1002000004E0DDE9022304B0524263EB430370478C
:1002100053B94AB9002908BF00281CBF4FF0FF316D
:100220004FF0FF3000F088B9ADF1080C6DE904CE55
:1002300000F006F8DDF804E0DDE9022304B07047C1
:100240002DE9F047089D0F4604468C46002B48D107
:100250008A42164661D9B2FA82F34BB1C3F1200249
:1002600001FA03FC20FA02F29E4042EA0C0C9C4088
:100270004FEA164EB7B2BCFBFEF1220C0EFB11CCBE
:1002800042EA0C4201FB07F0904209D9B21801F191
:10029000FF3C80F0EE80904240F2EB800239324425
:1002A000121AA4B2B2FBFEF00EFB102244EA024482
:1002B00000FB07F7A74209D9341900F1FF3280F09B
:1002C000DA80A74240F2D7803444023840EA014045
:1002D000E41B00211DB1DC400023C5E90043BDE85B
:1002E000F0878B4206D90DB1C5E90001002108460F
:1002F000BDE8F087B3FA83F1002948D1BB4202D3AD
:10030000824200F20781841A67EB030201209446BF
:10031000002DE4D0C5E9004CE1E7002A00F092800E
:10032000B2FA82F3002B40F0A8808A1A4FEA164EE8
:100330001FFA86FC0121200CB2FBFEF70EFB1722F0
:1003400040EA02420CFB07F0904207D9B21807F1CD
:10035000FF3802D2904200F2E2804746121AA4B25D
:10036000B2FBFEF00EFB102244EA02440CFB00FC40
:10037000A44507D9341900F1FF3202D2A44500F296
:10038000CB801046A4EB0C0440EA0740A2E7C1F181
:1003900020068B4022FA06FC4CEA030C07FA01F413
:1003A00020FA06F3F7404FEA1C49234300FA01F80C
:1003B0001FFA8CFEB7FBF9F01C0C09FB107744EA1E
:1003C000074400FB0EF7A74202FA01F20AD91CEB20
:1003D000040400F1FF3A80F09B80A74240F298802D
:1003E00002386444E41B9FB2B4FBF9F309FB1344E5
:1003F00047EA044403FB0EFEA64509D91CEB04049E
:1004000003F1FF3780F08280A6457FD9023B644428
:1004100043EA0040A4EB0E04A0FB02E7BC42734693
:10042000B94663D360D05DB1B8EB030264EB090455
:1004300004FA06F622FA01F31E43CC40C5E9006433
:1004400000214CE76208480842EAC1710B0C43EAFC
:1004500000438AB242EA0342B3FBF6F1E407B44632
:100460003746B6461F23B0FBF6F0D21B41EA0041E7
:1004700061E7614614E7104628E7C3F1200120FA3E
:1004800001F29E4027FA01F19F403A434FEA164E8F
:100490001FFA86FCB1FBFEF70EFB1710110C41EAA8
:1004A000004107FB0CF8884504FA03F43AD97118A7
:1004B00007F1FF3001D288451FD8A1EB0801B1FB3D
:1004C000FEF808FB0CF70EFB181192B242EA01424B
:1004D000BA422FD2B21808F1FF31C6D2BA42C4D202
:1004E000A8F102013244C0E7F0459CD2BEEB020302
:1004F00067EB0C070138B94695E7A6EB08084144BD
:10050000B81EB1FBFEF808FB0CF7DCE73B467FE7C3
:10051000504667E70846FBE63444023832E7023FBC
:1005200032441BE7A1EB08013846B1FBFEF808FB9B
:100530000CF7C8E7414698E7704700BF000000008D
:1005400001F0FF01102A2BDB10F0070F08D010F884
:10055000013B013A8B422DD010F0070F42B3F6D188
:10056000F0B441EA012141EA014122F007047FF0A1
:1005700000070023F0E80256083C85EA010586EAF8
:10058000010685FA47F5A3FA87F586FA47F6A5FA34
:1005900087F68EB9EED1F0BC01F0FF0102F0070240
:1005A00032B110F8013B013A83EA010313B1F8D1EB
:1005B0000020704701387047002D06BF35460338CC
:1005C000073815F0010F07D1013015F4807F02BF05
:1005D000013015F4C03F0130F0BC0138704700BF56
:1005E00080B500AF00F01EFA01F014FA00F09AFC9A
:1005F00008F0F0FB00F016F808F010FC00BFFDE773
:1006000080B582B000AF786039603B68002B05D0C0
:100610000F223968024809F09FFA00BF00BFFDE7CA
:100620005403002080B500AF09F0B0F900BF80BDD1
:1006300080B500AF04F0E6F800BF80BD80B500AF24
:1006400003F0C0FE00BF80BD80B582B000AF0023C4
:10065000FB714FF4005005F001F80346002B0CD05D
:100660004FF4005005F012F80123FB71194B186884
:10067000F91D0023002208F077FF4FF4804004F0BA
:10068000EDFF0346002B0CD04FF4804004F0FEFF3A
:100690000223FB710F4B1868F91D0023002208F09C
:1006A00063FF4FF4004004F0D9FF0346002B0CD049
:1006B0004FF4004004F0EAFF0323FB71054B186878
:1006C000F91D0023002208F04FFF00BF0837BD4688
:1006D00080BD00BF2465002080B582B000AF00233C
:1006E000FB71012004F0BAFF0346002B0BD0012060
:1006F00004F0CCFF0423FB71054B1868F91D00239F
:10070000002208F031FF00BF0837BD4680BD00BFA2
:100710002465002080B483B000AF03463960FB71CC
:1007200097F90730002B0ADB3B68DAB20C4997F9DE
:1007300007301201D2B20B4483F800230AE03B6871
:10074000DAB20849FB7903F00F03043B1201D2B27D
:100750000B441A7600BF0C37BD465DF8047B70472A
:1007600000E100E000ED00E080B582B000AF78600D
:100770007B68013BB3F1807F01D301230FE00A4A7C
:100780007B68013B53600F214FF0FF30FFF7C2FF42
:10079000054B00229A60044B07221A60002318467A
:1007A0000837BD4680BD00BF10E000E080B500AF57
:1007B00004F08CFB00BF80BD80B500AF4FF4C0607B
:1007C00004F054FC40F2026004F050FC40F203607C
:1007D00004F04CFC40F2046004F048FC40F2056078
:1007E00004F044FC522303221021234804F06EFD40
:1007F0005221214804F01FFEA023032218211E4885
:1008000004F064FD4FF46043032248211B4804F0C8
:100810005DFD012303224821174804F057FD4FF4E2
:10082000007303221021164804F050FD012000F04F
:1008300015F9C02303221C21114804F047FD4FF491
:100840008053032210210E4804F040FD4FF48051E4
:100850000B4804F0F0FD4FF4204303221821084810
:1008600004F034FD4FF4804303220421044804F0D3
:100870002DFD00BF80BD00BF0008014000100140F9
:10088000000C014080B588B000AF40F20C6004F06D
:10089000EDFB3B1D184604F009FF0023BB604FF43D
:1008A00082737B600023FB600023BB614FF4007305
:1008B0003B610823FB6100237B613B1D1946164801
:1008C00004F013FF144804F062FF134804F04FFFD4
:1008D00040F20E7004F0CAFB3B1D184604F0E6FE21
:1008E0000023BB604FF482737B600023FB60002316
:1008F000BB614FF400733B611023FB6100237B61FC
:100900003B1D1946054804F0F0FE044804F02FFF93
:1009100000BF2037BD4680BD003001400038004098
:1009200080B500AF40F2157004F0A0FB00220A4928
:100930000A4804F073FF322300220021074805F023
:1009400079F8064805F0D7F84FF48061034805F0C0
:1009500099F800BF80BD00BFA08601000054004090
:1009600080B500AF40F2046004F080FB40F202600A
:1009700004F07CFB4FF4C06004F078FB4FF460435C
:1009800003224821254804F0A1FC0D21022004F097
:1009900073FD0E21022004F06FFD0F21022004F0F0
:1009A0006BFD0123032248211D4804F08FFC002128
:1009B000002004F061FD012200214FF4005004F0FA
:1009C000D3FD4FF4005004F061FE012200214FF4EA
:1009D000804004F0C9FD4FF4804004F057FE01222E
:1009E00000214FF4004004F0BFFD4FF4004004F03C
:1009F0004DFE01220021012004F0B6FD012004F08B
:100A000045FE00220521282005F0AEF9002205212F
:100A1000062005F0A9F900BF80BD00BF001001400D
:100A20000008014080B500AFFFF7C0FE094B1B680E
:100A3000094AA2FB03239B091846FFF795FEFFF71F
:100A4000BBFEFFF71FFFFFF76BFFFFF789FF00BF3C
:100A500080BD00BFDC020020D34D621080B582B0A3
:100A600000AF0346FB71FB79002B05D04FF40071FA
:100A7000064804F0E0FC04E04FF40071034804F081
:100A8000EAFC00BF0837BD4680BD00BF000C014036
:100A900080B584B000AFF8600B467A60FB7206E068
:100AA0007B685A1E7A60002B01D100230BE0FB68A3
:100AB0009BB21946064805F06DF803461A46FB7AC4
:100AC0009342EDD1012318461037BD4680BD00BFCB
:100AD0000054004080B586B000AF03460A46FB7163
:100AE0001346BB710023FB730023BB7300237B61A0
:100AF0004CF250333B6106E03B695A1E3A61002BD1
:100B000001D1002311E140F201618A4805F042F869
:100B10000346012BF0D0874804F0FDFF42F210722B
:100B200001214FF4A060FFF7B3FF0346002B04D16F
:100B3000804805F000F80023F7E0FB795B006FF0D8
:100B4000010219467B4804F0B8FF44F620637B613C
:100B50001FE040F20151774805F01CF80346012BD5
:100B600005D140F20151734805F036F816E040F225
:100B70000A51704805F00EF80346012B09D140F2E6
:100B80000A516C4805F028F86A4804F0D4FF0023A5
:100B9000CBE07B695A1E7A61002BDAD17B69002B8E
:100BA0000FD1644804F0C7FF0023BEE07B69013B1E
:100BB0007B617B69002B04D15E4804F0BCFF0023FD
:100BC000B3E040F207515B4804F0E4FF0346002B1A
:100BD000ECD0BB791946574804F0BDFF0AE07B69A9
:100BE000013B7B617B69002B04D1524804F0A3FFD9
:100BF00000239AE040F202514E4804F0CBFF034636
:100C0000002BECD04B4804F086FF42F21072012119
:100C10004FF4A060FFF73CFF0346002B04D145488A
:100C200004F089FF002380E0FB795B000122194674
:100C3000404804F042FF44F620637B611FE040F22D
:100C400001513C4804F0A6FF0346012B05D140F2B8
:100C50000151384804F0C0FF16E040F20A5135480F
:100C600004F098FF0346012B09D140F20A513148A4
:100C700004F0B2FF2F4804F05EFF002355E07B69CB
:100C80005A1E7A61002BDAD17B69002B04D12948E6
:100C900004F051FF002348E04FF48061254804F040
:100CA000F1FE0AE07B69013B7B617B69002B04D18B
:100CB000204804F040FF002337E040F206511D4871
:100CC00004F068FF0346002BECD01A4804F054FFF0
:100CD0000346FB730021174804F0D4FE0AE07B6949
:100CE000013B7B617B69002B04D1124804F023FF98
:100CF00000231AE040F206510E4804F04BFF034671
:100D0000002BECD00B4804F037FF0346BB730948B7
:100D100004F011FF012000F07FFAFB7B9BB21B0265
:100D20009AB2BB7B9BB213439BB218461837BD46A1
:100D300080BD00BF0054004080B500AF10210248C4
:100D400004F089FB00BF80BD0008014080B500AF02
:100D50001021024804F06FFB00BF80BD0008014075
:100D600080B500AF4021024804F075FB00BF80BD94
:100D70000008014080B500AF4021024804F05BFB51
:100D800000BF80BD0008014080B584B000AF0346BD
:100D9000FB7100BF02210F4804F028FD0346002B21
:100DA000F8D0FB799BB219460A4804F000FD00BF59
:100DB0000121084804F01AFD0346002BF8D005482D
:100DC00004F006FD0346FB73FB7B18461037BD4657
:100DD00080BD00BF0030014080B582B000AF034647
:100DE000FB71FFF7A9FFFFF7BBFFFB791846FFF781
:100DF000CBFFFFF7ABFF00BF0837BD4680BD80B516
:100E000082B000AF0346FB71FFF796FFFFF7B2FF1A
:100E1000FB791846FFF7B8FFFFF798FF00BF0837C8
:100E2000BD4680BD80B582B000AF0346FB80FFF7B2
:100E300083FFFFF79FFFFB881B0A9BB2DBB21846BC
:100E4000FFF7A2FFFB88DBB21846FFF79DFFFFF715
:100E50007DFF00BF0837BD4680BD90B583B000AFB1
:100E60000446084611461A462346FB800346BB80CB
:100E70000B467B8013463B80FB882833FB807B88B6
:100E800028337B80BB883533BB803B8835333B8040
:100E90002A20FFF7A1FFFB881846FFF7C3FF7B88D6
:100EA0001846FFF7BFFF2B20FFF796FFBB881846B9
:100EB000FFF7B8FF3B881846FFF7B4FF2C20FFF779
:100EC0008BFF00BF0C37BD4690BD80B584B000AF2E
:100ED0000346FB808623EF2200210020FFF7BDFFA1
:100EE000FFF72AFFFFF746FF0023FB600EE0FB88B9
:100EF0001B0A9BB2DBB21846FFF746FFFB88DBB24A
:100F00001846FFF741FFFB680133FB60FB6847F6BB
:100F10008F629342EBD9FFF719FF00BF1037BD4630
:100F200080BD000080B500AF02211B4804F093FA99
:100F30001E2000F071F90221174804F07CFA782095
:100F400000F06AF90120FFF747FF962000F064F9EE
:100F50001120FFF741FF962000F05EF93620FFF7E1
:100F60003BFF6020FFF74BFF3A20FFF735FF0520DE
:100F7000FFF745FF2120FFF72FFF1320FFF72CFF7E
:100F80002920FFF729FF322000F046F90020FFF763
:100F90009CFF00BF80BD00BF0008014080B582B04B
:100FA00000AF0346FB800B46BB8013467B80BB88AB
:100FB000FA88B988F888FFF750FF7B881846FFF752
:100FC00031FF00BF0837BD4680BD90B585B000AF8A
:100FD0000446084611461A462346FB800346BB805A
:100FE0000B467B8013463B807A88BB88D31A9BB222
:100FF0000133BB817B88FA88B988F888FFF72DFF19
:10100000FFF79AFEFFF7B6FE0023FB810EE03B8858
:101010001B0A9BB2DBB21846FFF7B6FE3B88DBB279
:101020001846FFF7B1FEFB890133FB81FA89BB89C2
:101030009A42ECD3FFF78AFE00BF1437BD4690BD3D
:1010400080B582B000AF0346FB800B46BB801346E1
:101050007B80F888002386221421FFF7B6FF7A8868
:10106000B988FB881846FFF799FF00BF0837BD46CF
:1010700080BD90B589B000AF7B600346FB810B4615
:10108000BB811346FB727B681B787B777B685B7840
:101090003B77FB7A1F2B02D9FB7A7E2B01D92023C9
:1010A000FB727B685A68FB7A03F18053203B1B017B
:1010B0001344BB617B7F9AB2FB8913449BB2013B13
:1010C0009CB23B7F9AB2BB8913449BB2013B9BB25B
:1010D000B989F8892246FFF7C0FEFFF72DFEFFF71A
:1010E00049FE0023FB7729E0FB7FBA6913441B7894
:1010F000FB750023BB771AE0FA7DBB7F802141FAA4
:1011000003F31340002B01D03B8E00E0BB8EBB826B
:10111000BB8A1B0A9BB2DBB21846FFF735FEBB8ABF
:10112000DBB21846FFF730FEBB7F0133BB77BA7FD7
:101130007B7F9A42E0D3FB7F0133FB77FA7F3B7FD3
:101140009A42D1D3FFF702FE00BF2437BD4690BDBF
:1011500080B586B002AFBA601A460346FB810B46E3
:10116000BB811346FB8010E0BB681A78B989F88907
:101170003B8B0193FB880093084BFFF77AFFFB89B9
:101180000833FB81BB680133BB60BB681B78002B55
:10119000EAD100BF00BF1037BD4680BD000000206F
:1011A00080B489B000AF78600023BB61194B5B68E5
:1011B0007B617A6813461B019B1ADB003B61154B70
:1011C0009B68FB61134B9B68FB60FA68FB699A4262
:1011D000F8D0FA68FB699A4206D2FA69FB68D31A1A
:1011E000BA691344BB6107E07A69FB68D21AFB69EC
:1011F0001344BA691344BB61FB68FB61BA693B697C
:101200009A4200D2DEE700BF00BF2437BD465DF83A
:10121000047B704710E000E02DE9B04F82B000AFD2
:10122000786005F0A1FD0346012B3CD07B680022CD
:101230009846914642464B464FF000004FF0000161
:10124000590141EAD261500102460B46B2EB080453
:1012500063EB09054FF000024FF00003AB0043EAD7
:101260009473A20014461D4614EB080A45EB090BC3
:101270004FF000024FF000034FEACB0343EA5A73EA
:101280004FEACA0292469B46504659464FF47A723C
:101290004FF00003FEF7BCFF02460B46134618460C
:1012A00004F012FF07E07B684FF47A7202FB03F34D
:1012B0001846FFF775FF0837BD46BDE8B08F80B50B
:1012C00000AF05F051FD0346012B03D005F0B2F845
:1012D000034600E00023184680BD000080B584B0BE
:1012E00000AF78600023FB600023BB600BE00121AE
:1012F0004020FFF7EFFB03461A46FB681344FB60F0
:10130000BB680133BB60BB68B3F5967FEFDBFB685E
:1013100007EE903AB8EEE77A7B681B7DDFED066A50
:10132000C7EE267A054A9B001344C3ED007A00BF3E
:101330001037BD4680BD00BF00009643200000204E
:101340002DE9B04F84B000AF786002214020FFF754
:10135000C1FB03461A467B685A8001214020FFF7F3
:10136000B9FB03461AB27B681A807B68B3F9003078
:1013700007EE903AB8EEE77A7B681B7D384A9B000F
:101380001344D3ED007A77EE677AC7ED037AD7ED91
:10139000037AFDEEE77A17EE902A13469B0013447A
:1013A0009A0013442F4A82FB03129210DB17D21AC1
:1013B0007B685A607B685B881A4613465B019B1A00
:1013C0009B001344284AA2FB03235A097B689A60B6
:1013D0007B681B7D022B07D17B685B68642203FB63
:1013E00002F27B68DA6016E07B681B7D012B04D17A
:1013F0007B685A687B68DA600DE07B681B7D002B98
:1014000009D17B685B68174A82FB03129210DB17D5
:10141000D21A7B68DA607B689B6800229A46934602
:101420007B68DB68DA179846914608FB0BF20AFBEB
:1014300009F31344AAFB08452B441D464FF47A7266
:101440004FF0000320462946FEF792FE02460B4667
:101450007B681A6100BF1037BD46BDE8B08F00BF82
:1014600020000020676666661F85EB51B0B592B01C
:1014700004AF78607B689B687B637B68DB68354A78
:1014800082FB03129211DB17D31A3B637B681B6943
:10149000304AA2FB03239B09FB627B6B42F20F7273
:1014A000934202D942F20F737B633B6BB3F57A7FB1
:1014B00003DB40F2E7333B6306E03B6B13F1630F62
:1014C00002DA6FF062033B63FB6AB3F57A7F02D303
:1014D00040F2E733FB627B689B681E4AA2FB032352
:1014E0009C097B689A681B4BA3FB02139B094FF472
:1014F0007A7101FB03F3D31A174AA2FB0323DA081C
:101500007B68DB68134981FB03018911DB17CB1A68
:10151000796809690F48A0FB010189097868007D95
:10152000054607F10C0003950291019300922346B2
:101530000A4A202108F096FA07F10C0200230093D2
:101540004FF6FF7300210020FFF702FE00BF38377F
:10155000BD46B0BDD34D6210CDCCCCCC88A4000824
:1015600080B483B000AF786039603B68B3F9083B62
:101570001A4613469B0013445B0019463B68B3F9B7
:10158000083B1A463B6843F822107B6899683B6821
:10159000B3F9083B1A4689B23B6802F5C87223F8D2
:1015A00012103B68B3F9083B1A467B68D9683B6860
:1015B00002F5967243F822107B6819693B68B3F90B
:1015C000083B1A463B6802F5FA7243F822103B6862
:1015D000B3F9083B002B4AD13B68B3F9083B1A46E4
:1015E0003B6802F5C87233F812301A463B68C3F8FC
:1015F000F02A3B68B3F9083B1A463B6802F5C8720B
:1016000033F812301A463B68C3F8F42A3B68B3F942
:10161000083B1A463B6802F5967253F822203B6855
:10162000C3F8F82A3B68B3F9083B1A463B6802F551
:10163000967253F822203B68C3F8FC2A3B68B3F942
:10164000083B1A463B6802F5FA7253F822203B68C1
:10165000C3F8002B3B68B3F9083B1A463B6802F518
:10166000FA7253F822203B68C3F8042B9FE03B68D2
:10167000B3F9083B1A463B6802F5C87233F81230DA
:101680001A463B68D3F8F03A9A420CDD3B68B3F94E
:10169000083B1A463B6802F5C87233F812301A4606
:1016A0003B68C3F8F02A3B68B3F9083B1A463B682D
:1016B00002F5C87233F812301A463B68D3F8F43A90
:1016C0009A420CDA3B68B3F9083B1A463B6802F5CC
:1016D000C87233F812301A463B68C3F8F42A3B68E4
:1016E000B3F9083B1A463B6802F5967253F822207C
:1016F0003B68D3F8F83A9A420BDD3B68B3F9083BF4
:101700001A463B6802F5967253F822203B68C3F8EC
:10171000F82A3B68B3F9083B1A463B6802F5967213
:1017200053F822203B68D3F8FC3A9A420BDA3B6824
:10173000B3F9083B1A463B6802F5967253F822202B
:101740003B68C3F8FC2A3B68B3F9083B1A463B6880
:1017500002F5FA7253F822203B68D3F8003B9A4214
:101760000BDD3B68B3F9083B1A463B6802F5FA7299
:1017700053F822203B68C3F8002B3B68B3F9083BC1
:101780001A463B6802F5FA7253F822203B68D3F8F8
:10179000043B9A420BDA3B68B3F9083B1A463B68B4
:1017A00002F5FA7253F822203B68C3F8042B00BFFD
:1017B0000C37BD465DF8047B7047000080B487B0ED
:1017C00000AF78600B46FB706C4B7B6140F6E443E6
:1017D0003B616B4BFB60FB78022B00F08980022B96
:1017E00000F3C580002B02D0012B42D0BFE07B6804
:1017F000B3F9083B1A467B6802F5C87233F8123019
:10180000002B09D17B68B3F9083B1A467B6802F5C7
:10181000C872002123F812107B68B3F9083B1A46FE
:101820007B6802F5C87233F812301A463B6993425E
:101830000ADA7B68B3F9083B1A463B6999B27B68C0
:1018400002F5C87223F812107B68B3F9083B1A46F8
:101850007B6802F5C87233F812301A46722303FB14
:1018600002F23B6992FBF3F39BB2C3F186039BB296
:101870007EE07B68B3F9083B1A467B6802F59672F6
:1018800053F82230002B09DC7B68B3F9083B1A4679
:101890007B6802F59672002143F822107B68B3F949
:1018A000083B1A467B6802F5967253F822307A6933
:1018B0009A4209DA7B68B3F9083B1A467B6802F55D
:1018C0009672796943F822107B68B3F9083B1A468F
:1018D0007B6802F5967253F82230722203FB02F203
:1018E0007B6992FBF3F39BB2C3F186039BB23FE0AB
:1018F0007B68B3F9083B1A467B6802F5FA7253F825
:101900002230002B09DC7B68B3F9083B1A467B6860
:1019100002F5FA72002143F822107B68B3F9083B04
:101920001A467B6802F5FA7253F82230FA689A4236
:1019300009DA7B68B3F9083B1A467B6802F5FA724C
:10194000F96843F822107B68B3F9083B1A467B68B4
:1019500002F5FA7253F82230722203FB02F2FB689E
:1019600092FBF3F39BB2C3F186039BB200E000232A
:1019700018461C37BD465DF8047B7047A086010001
:101980001009050080B584B000AF78600B46FB708D
:101990007B68FB60FB781946F868FFF70FFF03468A
:1019A0007B81FB68B3F9083B9BB228339BB27989F2
:1019B0004FF4FC621846FFF743FB7B68B3F9083B22
:1019C0009BB201339BB21AB27B68A3F8082B7B68E9
:1019D000B3F9083BC72B07DD7B680022A3F8082B6F
:1019E0007B68012283F80A2B00BF1037BD4680BDFB
:1019F00080B582B000AF78607B68D3F8D0309B6848
:101A0000012098477B6805229A7000BF0837BD46C1
:101A100080BD000080B500AF00F0B6FA00F0F2FA29
:101A2000054A0649064800F01BFB00F0F2FA04489C
:101A3000FFF7DEFF00BF80BD34020020240200203B
:101A4000740E002080B588B000AF786039607B6884
:101A50007B610023FB617B68002B02D03B68002B7D
:101A600001D1002343E0244B9B78DBB2032B01D050
:101A700000233CE0204BD3F8D4303B613B69002B82
:101A800030D1002333E0FFF71AFCF86008E0FFF7DD
:101A900016FC0246FB68D31A642B01D9FB6926E0C9
:101AA000154800F0D5F80346002BF0D13A68FB69E1
:101AB000D31ABB61BB69402B01D94023BB613B6991
:101AC000D81C7A69FB691344BA69194608F07EF894
:101AD0003B69BA695A64084800F096F8FA69BB692C
:101AE0001344FB61FA693B689A42CCD3FB69184600
:101AF0002037BD4680BD00BF740E00200FB480B5F6
:101B0000C4B000AF07F58E7207F58873A3F586732E
:101B10001A6007F58873A3F5867307F108001B6840
:101B2000D7F818214FF4807108F000F8C7F80C01BD
:101B3000D7F80C31002B02DCD7F80C311BE0D7F8BA
:101B40000C31FF2B02D9FF23C7F80C31D7F80C2139
:101B500007F1080311461846FFF774FFC7F808019C
:101B6000D7F80C31D7F808219A4202D04FF0FF3352
:101B700001E0D7F80C31184607F58877BD46BDE877
:101B8000804004B0704790B585B000AFF8607A60CF
:101B90003B600B46FB72FB68D3F8D0301C6AF97AC5
:101BA0003B687A68F868A04700BF1437BD4690BD0F
:101BB00080B582B000AF78600B46FB707B68D3F8CD
:101BC000D0305B6AFA7811467868984700BF0837CA
:101BD000BD4680BD80B485B000AFF860B9601146E5
:101BE0001A460B46FB801346BB80FB68BA685A60F6
:101BF000FB68FA881A81FB68BA885A8100BF1437DB
:101C0000BD465DF8047B704780B584B000AF786056
:101C10007B68D3F8D430FB60FB685B6CBB60BB684F
:101C2000002B11D0FB685B78012B0DD1FB680022E3
:101C30005A70FB68DA1CBB689BB28121786800F09F
:101C400069FAFB6800225A6400BF1037BD4680BDA8
:101C500080B485B000AF78607B68D3F8D430002BB7
:101C60000DD07B68D3F8D430FB60FB689B78012BE8
:101C700005D1FB681B78012B01D1002300E005236F
:101C800018461437BD465DF8047B704780B584B0B4
:101C900000AF78600B46FB701E4B4FF4A072002122
:101CA0007868FFF770FF1C4B4FF480720021786852
:101CB000FFF769FF194BC02200217868FFF763FF27
:101CC000174B9A697B68C3F8AC20154BDA697B68BF
:101CD000C3F8C020134B00229A70124B01225A7095
:101CE000104B01221A700F4B00225A640D4B0E4A02
:101CF000483392E8030018600433198002330A0C59
:101D00001A707B68074AC3F8D4200023184610379E
:101D1000BD4680BD7C0000207500002065000020CD
:101D200034020020540F0020B0A4000880B582B017
:101D300000AF78600B46FB7081217868FFF738FFB1
:101D400003217868FFF734FF82217868FFF730FFBE
:101D5000002318460837BD4680BD80B485B000AF6B
:101D600078607B68D3F8D430FB607B68D3F8CC30E4
:101D70001B78FF2B0AD0FB6801229A70FB680122B6
:101D80001A707B68D3F8CC30FF221A7000231846F3
:101D90001437BD465DF8047B704780B584B000AF52
:101DA00078600B46FB70FB781B0158337A6813444C
:101DB000FB607B68D3F8D430BB60FB685A89FB6852
:101DC0001B889A4209D1FB7803F07F03D9B2002324
:101DD0000022786800F09EF905E0BB6801225A7085
:101DE000BB6801221A7000BF1037BD4680BD80B4A9
:101DF00085B000AF78600B46FB707B68D3F8D430B9
:101E0000FB60FB6801229A70FB787A6802331B0141
:101E1000134402331B881A46FB685A6400BF143708
:101E2000BD465DF8047B704780B588B000AF786030
:101E300039600123FB7707F1080300221A605A601A
:101E40001A817B68D3F8D430BB6107F108037B614A
:101E50003B685B78232B00F2918001A252F823F0BB
:101E60007D1F00087D1F00087D1F00087D1F0008E2
:101E70007D1F00087D1F00087D1F00087D1F0008D2
:101E80007D1F00087D1F00087D1F00087D1F0008C2
:101E90007D1F00087D1F00087D1F00087D1F0008B2
:101EA0007D1F00087D1F00087D1F00087D1F0008A2
:101EB0007D1F00087D1F00087D1F00087D1F000892
:101EC0007D1F00087D1F00087D1F00087D1F000882
:101ED0007D1F00087D1F00087D1F00087D1F000872
:101EE000F11E00081B1F0008351F00087D1F000899
:101EF0007B68D3F8CC303A6852781A707B6803F16B
:101F00001800BB6903F148013B68DB889AB20023E3
:101F1000FFF760FE0023FB7731E07B6803F1580098
:101F2000BB6903F1480100230722FFF753FE00239A
:101F3000FB7724E07B69A1221A707B6920225A700A
:101F40007B6900221A7100225A717B6900229A7003
:101F50000022DA707B69002242F002029A710022AC
:101F6000DA713B685B889BB2DBB203F00303DBB240
:101F70003B7400237B740023FB7700E000BFFB7FF2
:101F800018462037BD4680BD80B582B000AF002026
:101F900003F0A8F878604FF4C16003F067F87B683D
:101FA000144A934204D14FF4800003F083F818E000
:101FB0007B68114A934203D1002003F07BF810E0C4
:101FC0007B680E4A934204D14FF4400003F072F84C
:101FD00007E07B680A4A934203D14FF4000003F004
:101FE00069F840F2177003F041F800BF0837BD46AA
:101FF00080BD00BF006CDC0200A24A0400D8B80516
:10200000000E270780B400AF00BFBD465DF8047B1B
:10201000704780B500AF4FF4A06003F091FE00223E
:102020000221142003F0A0FE00BF80BD80B485B063
:1020300000AFF860B96011461A460B46FB801346A4
:10204000BB80FB68BA685A60FB68FA881A81FB6833
:10205000BA885A8100BF1437BD465DF8047B7047CB
:1020600080B584B000AFF860B9607A60244B082274
:102070001A70234B01225A70214B4FF400725A8080
:102080001F4AFB685360FB68BA68C3F8C820FB6846
:102090007A68C3F8CC20FB681A4AC3F8D020FB68E2
:1020A00000221A75FB68184AC3F89820FB68174A83
:1020B000C3F89C20FB68164AC3F8A020FB68D3F83D
:1020C000C8305B6807331B789B09DBB203F0010360
:1020D000DAB2FB681A71FB680122DA71FB68D3F887
:1020E000D0301B689847FB68D3F8C830DB680C33E6
:1020F0001B68184600F06EFD00BF1037BD4680BD5E
:10210000AC0F0020980200208B2D0008532E0008F1
:10211000BB2E000890B589B000AFF8607A601A460F
:102120000B46FB7213463B81FB7A03F07F03FB7780
:10213000FB7F1B015833FA681344BB61FB7F03F13B
:10214000805303F5B8539B001B6803F4C063002B56
:102150000AD1FB7F03F1805303F5B8539B001B6842
:1021600003F48073002B0BD1FB7F03F1805303F545
:10217000B8539B001B6803F4C063B3F5806F44D170
:10218000BB691B885A003B89934228BF1346FB82D8
:10219000FB68D3F8D0301C6BFA8AF97F012378688A
:1021A000A0473B89002B0CD03B89BA6912881344A5
:1021B000013BBA691288B3FBF2F39AB2BB699A8108
:1021C00002E0BB6901229A81BB699B89022B10D175
:1021D000FB8A7A68D1183A89FB8AD31A98B2BB690C
:1021E0001B88FA8AD31A9BB20246B869FFF71EFF12
:1021F00026E0FB8A7A68D1183A89FB8AD31A9AB208
:10220000FB8AB869FFF712FF1AE0BB691B883A899D
:10221000934228BF1346FB82FB68D3F8D030DB6AB9
:10222000FA8AF97F78689847FB8A7A68D1183A89E0
:10223000FB8AD31A9AB2FB8AB869FFF7F7FE00BF90
:1022400000BF2437BD4690BD80B582B000AF786036
:102250000B46FB707B68D3F8D0309B6BFA78114645
:102260007868984700BF0837BD4680BD80B582B00A
:1022700000AF78600B46FB707B68D3F8D030DB6B27
:10228000FA7811467868984700BF0837BD4680BD88
:1022900080B582B000AF78600B46FB707B68D3F8E6
:1022A000D0301B6CFA781146786898470346184678
:1022B0000837BD4680BD80B485B000AFF860B96016
:1022C00011461A460B46FB801346BB80FB68BA6872
:1022D0005A60FB68FA881A81FB68BA885A8100BF85
:1022E0001437BD465DF8047B7047000080B582B0AE
:1022F00000AF786039603B685B781A46054B53F84D
:102300002230396878689847034618460837BD4632
:1023100080BD00BF5402002080B582B000AF78605D
:1023200039607B689B78DBB2032B0ED13B689B88BE
:102330009BB2DBB2002B08D17B68D3F8CC30DB68D2
:10234000396878689847034600E001231846083743
:10235000BD4680BD80B483B000AF78603960012392
:1023600018460C37BD465DF8047B704780B483B0D7
:1023700000AF78603960012318460C37BD465DF820
:10238000047B704780B485B000AFF8600B467A607C
:10239000FB72FB68D3F8C8301B681B781A467B6851
:1023A0001A80FB68D3F8C8301B6818461437BD463E
:1023B0005DF8047B704780B485B000AFF8600B46D1
:1023C0007A60FB72FB68D3F8C8305B6802331B7815
:1023D0001AB2FB68D3F8C8305B6803331B781BB2B2
:1023E0001B021BB213431BB29AB27B681A80FB68B4
:1023F000D3F8C8305B6818461437BD465DF8047BD7
:10240000704780B485B000AFF8600B467A60FB720D
:10241000FB68D3F8C8309B68002B17D0FB68D3F853
:10242000C8309B6802331B781A46FB68D3F8C83063
:102430009B6803331B781B029BB213439AB27B68E1
:102440001A80FB68D3F8C8309B6803E07B680022E1
:102450001A80002318461437BD465DF8047B704788
:1024600080B487B000AFF8600B467A60FB72FB68FF
:10247000D3F8C830DA68FB7A9B0013441B687B6191
:102480007B691B781A467B681A807B6918461C3763
:10249000BD465DF8047B704780B584B000AF7860BE
:1024A00039603B689B889BB2BB730123FB733B681D
:1024B0001B7803F00303022B32D0022B4FDC002BDE
:1024C00002D0012B21D04AE07B689B78DBB2023B33
:1024D000012B18D87B681B79002B03D02A4B0122D3
:1024E0001A7002E0284B00221A707B681B7A002BBE
:1024F00006D0254B1B7843F00203DAB2224B1A7048
:102500000023FB7300E000BF2EE07B689B78DBB20A
:10251000032B26D1BB7B002B23D10023FB7320E0B0
:102520007B689B78DBB2032B1DD197F90E30002B13
:102530000ADABB7B03F07F037A681B0113445A332A
:102540001A78114B1A7007E0BB7B7A681B011344A1
:102550001A331A780C4B1A700023FB7303E000BF88
:1025600002E000BF00E000BFFB7B002B07D17B68CF
:1025700003F15800022302220349FFF79CFEFB7B74
:1025800018461037BD4680BDA80F002080B584B026
:1025900000AF786039600023FB733B681B7803F061
:1025A0000303022B1AD0022B47DC002B02D0012B95
:1025B00045D042E07B689B78DBB2023B012B09D817
:1025C0003B685B889BB2012B06D17B6800221A72A4
:1025D000002338E000BF35E000BF33E03B689B8854
:1025E0009BB2FB737B689B78DBB2032B29D1FB7B0F
:1025F00003F07C03002B24D13B685B889BB2002B4B
:102600001FD1FB7B002B1CD0FB7B802B19D0FB7BCD
:1026100019467868FFF73CFE0346002B11D0FB7B80
:1026200019467868FFF722FE7B68D3F8CC30DB6868
:10263000396878689847002305E000BF02E000BFD2
:1026400000E000BF012318461037BD4680BD80B5AD
:1026500084B000AF786039600023FB733B681B785F
:1026600003F00303022B1AD0022B47DC002B02D00D
:10267000012B45D042E07B689B78DBB2023B012B0B
:1026800009D83B685B889BB2012B06D17B6801228D
:102690001A72002338E000BF35E000BF33E03B682A
:1026A0009B889BB2FB737B689B78DBB2032B29D1A1
:1026B000FB7B03F07C03002B24D13B685B889BB23F
:1026C000002B1FD1FB7B002B1CD0FB7B802B19D058
:1026D000FB7B19467868FFF7DBFD0346002B11D022
:1026E000FB7B19467868FFF7AFFD7B68D3F8CC30E9
:1026F000DB68396878689847002305E000BF02E08E
:1027000000BF00E000BF012318461037BD4680BD62
:1027100080B483B000AF786039603B689B889BB21F
:10272000002B1FD13B68DB889BB2002B1AD13B6882
:102730005B889BB2DBB203F07F03DAB27B685A702E
:102740007B689B78DBB2032B0CD07B685B78002B1B
:1027500003D07B6802229A7002E07B6801229A70A3
:10276000002300E0012318460C37BD465DF8047BCA
:102770007047000080B584B000AF786039600023F6
:10278000BB7300237B730123FB737B685833BB60EF
:102790003B681B7803F00303022B00F08880022BB8
:1027A00000F38780002B02D0012B76D081E03B68BC
:1027B0005B889BB21B0A9BB2BB733B685B889BB276
:1027C0007B73BB7B013B0E2B61D801A252F823F037
:1027D0000D28000839280008552800088F2800080F
:1027E0008F2800088F2800088F2800088F280008ED
:1027F0008F2800088F2800088F2800088F280008DD
:102800008F2800088F28000877280008BB7B013B31
:10281000414A52F82330BA680832797B7868984781
:102820000246BB685A603B68DB889BB2402B30D1C4
:10283000BB6808221A812CE0BB7B013B364A52F868
:102840002330BA680832797B786898470246BB68BB
:102850005A6021E07B7BEE2B1DD8BB7B013B2E4ACF
:1028600052F82330BA680832797B78689847024674
:10287000BB685A600FE0BB6803F108027B7B194616
:102880007868FFF7BEFD0246BB685A6004E000BFEF
:1028900010E000BF0EE000BF0CE07B68D3F8CC3046
:1028A000DB683968786898470346FB7302E000BF2D
:1028B00000E000BFBB681B89002B28D03B68DB8889
:1028C0009BB2002B23D03B68DB889AB2BB681B8984
:1028D000934228BF13469AB2BB681A81BB681A8913
:1028E0007B68B3F811309BB29A420ED2BB681B8949
:1028F000BA681288B3FBF2F101FB02F29B1A9BB299
:10290000002B02D17B680122DA740023FB73FB7B6E
:1029100018461037BD4680BD8802002080B483B0C1
:1029200000AF78603960002318460C37BD465DF86B
:10293000047B704780B584B000AF786039600123B4
:10294000FB737B689B78DBB2022B02D0032B07D092
:1029500010E07B681B78002B09D10023FB7306E095
:102960007B681B78002B04D00023FB7301E000BFC1
:1029700000E000BFFB7B002B07D17B6803F1580010
:10298000796801230122FFF796FCFB7B184610377C
:10299000BD4680BD80B584B000AF7860396001234A
:1029A000FB733B685B889BB2DAB2324B1A70314BD7
:1029B0001B78012B58D87B689B78DBB2032B1CD08B
:1029C000032B4EDC012B4ED0022B4AD1294B1B7816
:1029D000002B0FD07B68D3F8CC305B68254A127887
:1029E000114678689847234B1A787B681A707B6881
:1029F00003229A700023FB7336E01E4B1B78002BDA
:102A000010D17B68D3F8CC309B681A4A12781146F3
:102A100078689847174B1A787B681A707B6802228F
:102A20009A701BE07B681A78124B1B789A4215D07B
:102A30007B68D3F8CC309B687A6812781146786846
:102A400098470C4B1A787B681A707B68D3F8CC30A7
:102A50005B68084A12781146786898470023FB7330
:102A600002E000BF00E000BFFB7B18461037BD4608
:102A700080BD00BFAA0F002080B582B000AF786093
:102A800039607B689B78DBB2032B06D0032B17DC05
:102A9000012B17D0022B17D012E03B689B889BB20A
:102AA000DBB2002B12D17B6803F158007B68D3F8AE
:102AB000CC30591C01230122FFF7FDFB002307E066
:102AC00000BF04E000BF02E000BF00E000BF012340
:102AD00018460837BD4680BD80B582B000AF78602B
:102AE00039607B689B78DBB2032B06D0032B1BDCA1
:102AF000012B1BD0022B1BD016E03B689B889BB29E
:102B0000DBB2002B16D13B685B889AB27B68D3F8A6
:102B1000CC30D2B25A707B68D3F8CC30DB683968DD
:102B200078689847002307E000BF04E000BF02E098
:102B300000BF00E000BF012318460837BD4680BD36
:102B400080B483B000AF78603960002318460C373A
:102B5000BD465DF8047B704780B487B000AFF86075
:102B6000B9601346FB710023FB750023FB7525E05C
:102B7000FB681B0F092B0AD8FB681B0FDAB2FB7D21
:102B80005B00B9680B443032D2B21A7009E0FB68BE
:102B90001B0FDAB2FB7D5B00B9680B443732D2B24F
:102BA0001A70FB681B01FB60FB7D5B000133BA6898
:102BB000134400221A70FB7D0133FB75FA7DFB790B
:102BC0009A42D5D300BF00BF1C37BD465DF8047BD9
:102BD0007047000080B586B000AF78607B681B88C6
:102BE000DBB2062B1ED01A4B1B683B61194B1B68CE
:102BF000FB60194B1B68BB603A69BB6813443B61BF
:102C00003B69002B1FD07B680233082219463869C4
:102C1000FFF7A2FF7B68123304221946F868FFF71A
:102C20009BFF10E00D4B1B687B617B69002B0AD07A
:102C30007B6802337A6992B21A807B691A0C7B68CE
:102C4000043392B21A8000BF1837BD4680BD00BF62
:102C5000E8F7FF1FECF7FF1FF0F7FF1F002102400E
:102C600080B582B000AF78600B46FB707B68D3F80C
:102C7000D0309B6BFA7811467868984700BF0837C8
:102C8000BD4680BD80B485B000AFF860B960114624
:102C90001A460B46FB801346BB80FB68BA685A6035
:102CA000FB68FA881A81FB68BA885A8100BF14371A
:102CB000BD465DF8047B704780B582B000AF786098
:102CC00000217868FFF7CCFF00BF0837BD4680BD04
:102CD00080B582B000AF78607B6801221A757B688E
:102CE000DA6D7B68B3F8603000217868FFF712FA7C
:102CF00000BF0837BD4680BD80B582B000AF7860A8
:102D00007B6803221A757B68D3F8D030DB6A7A6857
:102D1000D06D00220021984700BF0837BD4680BD16
:102D200080B582B000AF78607B6802221A757B683C
:102D3000D3F8D0309B6A00217868984700BF0837E5
:102D4000BD4680BD80B582B000AF78607B6804224C
:102D50001A757B68D3F8D0309B6A00217868984751
:102D600000BF0837BD4680BD80B582B000AF786037
:102D70007B68D3F8D030DB6A7A68D06D00220021FE
:102D8000984700BF0837BD4680BD80B584B000AF0E
:102D900078600B46FB700123FB737B68D3F8D0305F
:102DA0005B6B7A6802F10B00002200219847034612
:102DB000BB81BB89082B03D07868FFF77DFF45E016
:102DC0007B68DB7A03F06003402B18D0402B1FD8C0
:102DD000002B02D0202B09D01AE07B680B33194658
:102DE0007868FFF783FA0346FB7312E07B680B33C6
:102DF00019467868FFF790FA0346FB7309E07B6891
:102E00000B3319467868FFF7A5FA0346FB7300E019
:102E100000BFFB7B002B16D17B68B3F811309BB24F
:102E2000002B03D17868FFF767FF0FE07B68DB7A40
:102E30005BB2002B03DA7868FFF74AFF06E0786898
:102E4000FFF76EFF02E07868FFF736FF1037BD46E8
:102E500080BD80B582B000AF78600B46FB707B68A8
:102E60009B78DBB2032B0BD17B68D3F8CC305B694A
:102E7000002B05D07B68D3F8CC305B697868984725
:102E80007B681B7D022B03D17868FFF735FF10E0CC
:102E90007B681B7D042B0CD1FB781B0118337A68EF
:102EA000D018002300220021FFF7ECFE7B680022EF
:102EB0001A7500BF0837BD4680BD80B582B000AF2F
:102EC00078600B46FB707B68DB7C002B05D0786854
:102ED000FFF74AFF7B680022DA747B689B78DBB2DD
:102EE000032B0BD17B68D3F8CC301B69002B05D0AA
:102EF0007B68D3F8CC301B69786898477B681B7D6A
:102F0000012B03D17868FFF71DFF06E07B681B7D6E
:102F1000032B02D17B6800221A757B685B78002B3B
:102F200008D07B68D3F8D030DB68786898477B6836
:102F300000225A7000BF0837BD4680BD80B582B000
:102F400000AF78600B46FB707B68D3F8D0301B6C09
:102F5000FA78114678689847034618460837BD4600
:102F600080BD80B485B000AF03460A46FB711346AE
:102F7000BB71BB79012B21D1FB7903F1805303F5A0
:102F8000B8539B001B689BB223F4E04323F070030B
:102F90009BB243F04003BB81BB8943F07F4343F4C2
:102FA0007F0343F4004343F080039AB2FB7903F1BB
:102FB000805303F5B8539B001A6023E0BB79002BC4
:102FC00020D1FB7903F1805303F5B8539B001B68B4
:102FD0009BB223F4E04323F070039BB243F480439D
:102FE000FB81FB8943F07F4343F47F0343F40043B9
:102FF00043F080039AB2FB7903F1805303F5B85391
:103000009B001A6000BF1437BD465DF8047B704713
:1030100080B483B000AF0346FB7100BF0C37BD46E0
:103020005DF8047B7047000080B400AF0B4B0122B9
:103030001A600A4B00221A60094B00221A60094BE1
:1030400000221A60054B1B68044A43F41F431360B7
:1030500000BFBD465DF8047B704700BF405C004088
:10306000445C0040505C004080B400AF064B01223D
:103070001A60064B00221A60034B03221A6000BF3D
:10308000BD465DF8047B7047405C0040445C0040F6
:1030900080B483B000AF78607B685B7863F07F03B7
:1030A000DAB2044B1A6000BF0C37BD465DF8047BF2
:1030B000704700BF4C5C004080B485B000AF7860C2
:1030C0000023FB737B685833BB60394B1B6880223D
:1030D0001A60374B1B6800225A60BB6840221A8076
:1030E0007B681833BB60324B1B6840229A60BB6818
:1030F00040221A80BB681B883E2B1CD9BB681B88EA
:1031000003F01F03002B0AD0BB681B885B099BB22E
:103110009A02274B1B6842F40042DA6016E0BB6853
:103120001B885B099BB2013B9A02214B1B6842F44E
:103130000042DA600AE0BB681B8801335B021C4A6C
:10314000126823F47F7323F00303D3600123FB731E
:1031500016E0FB7B03F1805303F5B8539B001B681B
:1031600023F40F4323F08F03F97BFA7B02F18052A3
:1031700002F5B85292000B431360FB7B0133FB73E3
:10318000FB7B032BE5D90B4B1B689AB2094B1A60EA
:10319000084B43F220221A60074B80221A607B689A
:1031A00001229A7000BF1437BD465DF8047B70475A
:1031B00094020020005C00404C5C004080B48FB062
:1031C00000AFF8607A603B600B46FB723B689B780F
:1031D00087F8373097F8373003F07F0387F83630B9
:1031E0003B681A795B791B021343BB8600233B6360
:1031F0003B68DB7803F00303C74A52F8231097F8C3
:10320000362097F8363003F1805303F5B8539B000E
:10321000184641EA0203036097F93730002B80F229
:10322000658197F836301B015833FA6813443B63C5
:103230003B6BBA8E1A80FB7A002B2BD1B74B1A68E6
:1032400097F836301B0113447A681A6097F83630C5
:1032500003F1805303F5B8539B001B689BB223F422
:10326000E04323F040039BB283F020033B823B8A80
:1032700043F07F4343F47F0343F4004343F0800370
:103280009AB297F8363003F1805303F5B8539B0098
:103290001A6004E3FB7A012B40F0018397F8363083
:1032A00003F1805303F5B8539B001B689BB223F4D2
:1032B000E24323F070039BB243F48073FB83FB8BE8
:1032C00043F07F4343F47F0343F4004343F0800320
:1032D0009AB297F8363003F1805303F5B8539B0048
:1032E0001A6097F8363003F1805303F5B8539B000A
:1032F0001B6803F04003002B22D097F8363003F10F
:10330000805303F5B8539B001B689BB223F4E04342
:1033100023F070039BB243F04003BB83BB8B43F0AD
:103320007F4343F47F0343F4004343F080039AB2A6
:1033300097F8363003F1805303F5B8539B001A60B9
:1033400097F8363003F1805303F5B8539B001B68A0
:1033500003F48043002B22D097F8363003F18053DA
:1033600003F5B8539B001B689BB223F4E04323F0A2
:1033700070039BB243F480437B837B8B43F07F439A
:1033800043F47F0343F4004343F080039AB297F879
:10339000363003F1805303F5B8539B001A6097F859
:1033A000363003F1805303F5B8539B001B689BB282
:1033B00023F4E04323F070039BB243F480433B8348
:1033C0003B8B43F07F4343F47F0343F4004343F0DC
:1033D00080039AB297F8363003F1805303F5B8535F
:1033E0009B001A604D4B1A6897F836301B01134446
:1033F0007A6892B21A60494B1A6897F836301B0106
:1034000013447A68120C9A6097F8363003F18053AF
:1034100003F5B8539B001B6803F4C063B3F5806FDA
:1034200023D097F8363003F1805303F5B8539B004F
:103430001B689BB223F4E04323F040039BB283F06C
:103440002003BB82BB8A43F07F4343F47F0343F4F2
:10345000004343F080039AB297F8363003F180536B
:1034600003F5B8539B001A601FE097F8363003F15C
:10347000805303F5B8539B001B689BB223F4E043D1
:1034800023F04003FB82FB8A43F07F4343F47F0336
:1034900043F4004343F080039AB297F8363003F1C7
:1034A000805303F5B8539B001A6097F8363003F148
:1034B000805303F5B8539B001B689BB223F48043F1
:1034C00023F070037B827B8A43F07F4343F47F03C6
:1034D00043F4004343F080039AB297F8363003F187
:1034E000805303F5B8539B001A60D8E197F8363043
:1034F0001B011833FA6813443B633B6BBA8E1A8086
:10350000FB7A002B0CD1054B1A6897F836301B015B
:1035100013447A689A60F1E094AB000894020020AA
:10352000FB7A012B40F0EA8097F8363003F18053A4
:1035300003F5B8539B001B689BB223F4E24323F0CE
:1035400070039BB243F48073FB85FB8D43F07F4394
:1035500043F47F0343F4004343F080039AB297F8A7
:10356000363003F1805303F5B8539B001A6097F887
:10357000363003F1805303F5B8539B001B6803F406
:103580008043002B22D097F8363003F1805303F5A7
:10359000B8539B001B689BB223F4E04323F07003F5
:1035A0009BB243F48043BB85BB8D43F07F4343F420
:1035B0007F0343F4004343F080039AB297F8363018
:1035C00003F1805303F5B8539B001A6097F8363027
:1035D00003F1805303F5B8539B001B6803F04003CD
:1035E000002B22D097F8363003F1805303F5B853FF
:1035F0009B001B689BB223F4E04323F070039BB253
:1036000043F040037B857B8D43F07F4343F47F038E
:1036100043F4004343F080039AB297F8363003F145
:10362000805303F5B8539B001A6097F8363003F1C6
:10363000805303F5B8539B001B689BB223F4E0430F
:1036400023F070039BB243F040033B853B8D43F076
:103650007F4343F47F0343F4004343F080039AB273
:1036600097F8363003F1805303F5B8539B001A6086
:103670008E4B1A6897F836301B0113447A6892B261
:103680001A608A4B1A6897F836301B0113447A681F
:10369000120C9A60BB8E3E2B22D93B6B1B8803F029
:1036A0001F03002B0DD0BB8E5B099BB29A027F4B90
:1036B000196897F836301B010B4442F400425A60F7
:1036C0001CE0BB8E5B099BB2013B9A02774B1968E9
:1036D00097F836301B010B4442F400425A600DE06B
:1036E000BB8E01335B02714A116897F836201201D4
:1036F0000A4423F47F7323F003035360BB8E3E2BF5
:1037000024D93B6B1B8803F01F03002B0ED03B6BAF
:103710001B885B099BB29A02644B196897F8363094
:103720001B010B4442F40042DA601DE03B6B1B8836
:103730005B099BB2013B9A025C4B196897F83630E3
:103740001B010B4442F40042DA600DE0BB8E0133F2
:103750005B02564A116897F8362012010A4423F496
:103760007F7323F00303D360FB7A002B23D197F8F8
:10377000363003F1805303F5B8539B001B689BB2AE
:1037800023F4804323F070039BB283F400533B8403
:103790003B8C43F07F4343F47F0343F4004343F007
:1037A00080039AB297F8363003F1805303F5B8538B
:1037B0009B001A6073E0FB7A012B70D197F83630CA
:1037C00003F1805303F5B8539B001B6803F4C063F7
:1037D000B3F5806F23D097F8363003F1805303F5AB
:1037E000B8539B001B689BB223F4804323F0700303
:1037F0009BB283F40053BB84BB8C43F07F4343F400
:103800007F0343F4004343F080039AB297F83630C5
:1038100003F1805303F5B8539B001A601FE097F83B
:10382000363003F1805303F5B8539B001B689BB2FD
:1038300023F4804323F07003FB84FB8C43F07F432D
:1038400043F47F0343F4004343F080039AB297F8B4
:10385000363003F1805303F5B8539B001A6097F894
:10386000363003F1805303F5B8539B001B689BB2BD
:1038700023F4E04323F040037B847B8C43F07F43BD
:1038800043F47F0343F4004343F080039AB297F874
:10389000363003F1805303F5B8539B001A6000BF24
:1038A0003C37BD465DF8047B704700BF94020020A2
:1038B00080B487B000AF78600B46FB70FB7803F0F4
:1038C0007F03FB7597F90330002B4ADAFB7D03F188
:1038D000805303F5B8539B001B6803F04003002B93
:1038E00020D0FB7D03F1805303F5B8539B001B6888
:1038F0009BB223F4E04323F070039BB243F04003F8
:103900003B823B8A43F07F4343F47F0343F400430D
:1039100043F080039AB2FB7D03F1805303F5B85363
:103920009B001A60FB7D03F1805303F5B8539B00A5
:103930001B689BB223F4E04323F04003FB81FB8927
:1039400043F07F4343F47F0343F4004343F0800399
:103950009AB2FB7D03F1805303F5B8539B001A60C4
:1039600049E0FB7D03F1805303F5B8539B001B68CE
:1039700003F48043002B20D0FB7D03F1805303F53B
:10398000B8539B001B689BB223F4E04323F0700301
:103990009BB243F48043BB82BB8A43F07F4343F432
:1039A0007F0343F4004343F080039AB2FB7D03F1AD
:1039B000805303F5B8539B001A60FB7D03F18053DD
:1039C00003F5B8539B001B689BB223F4804323F09C
:1039D00070037B827B8A43F07F4343F47F0343F48D
:1039E000004343F080039AB2FB7D03F1805303F55B
:1039F000B8539B001A6000BF1C37BD465DF8047BBE
:103A0000704780B485B000AF78600B46FB70FB78E0
:103A100003F07F0303F1805303F5B8539B001B6849
:103A20009BB223F4804323F070039BB283F4405392
:103A3000FB81FB8943F07F4343F47F0343F400435E
:103A400043F080039AB2FB7803F07F0303F18053C5
:103A500003F5B8539B001A6000BF1437BD465DF8EC
:103A6000047B704780B487B000AF78600B46FB7072
:103A7000FB7803F07F03FB75FB7D002B2ED1454BBC
:103A80001B689BB223F4E04323F040039BB283F016
:103A900010033B823B8A43F07F4343F47F0343F4AC
:103AA000004343F080039AB23A4B1A60394B1B68CB
:103AB0009BB223F4804323F070039BB283F48053C2
:103AC000FB81FB8943F07F4343F47F0343F40043CE
:103AD00043F080039AB22F4B1A6054E097F90330F9
:103AE000002B28DAFB7D7A681B0113445A3301222C
:103AF0001A70FB7D03F1805303F5B8539B001B68DC
:103B00009BB223F4E04323F040039BB283F0100305
:103B10007B827B8A43F07F4343F47F0343F400437B
:103B200043F080039AB2FB7D03F1805303F5B85351
:103B30009B001A6027E0FB7D7A681B0113441A334F
:103B400001221A70FB7D03F1805303F5B8539B00EB
:103B50001B689BB223F4804323F070039BB283F471
:103B60008053BB82BB8A43F07F4343F47F0343F41B
:103B7000004343F080039AB2FB7D03F1805303F5C9
:103B8000B8539B001A6000BF1C37BD465DF8047B2C
:103B9000704700BF005C004080B586B000AF786021
:103BA0000B46FB70FB7803F07F03FB7597F903303E
:103BB000002B5DDAFB7819467868FFF7BFF90346FA
:103BC000102B40F0B280FB7D03F1805303F5B85316
:103BD0009B001B6803F04003002B20D0FB7D03F10A
:103BE000805303F5B8539B001B689BB223F4E0435A
:103BF00023F070039BB243F040033B823B8A43F0C7
:103C00007F4343F47F0343F4004343F080039AB2BD
:103C1000FB7D03F1805303F5B8539B001A60FB7DD5
:103C20007A681B0113445A3300221A70FB7D03F19A
:103C3000805303F5B8539B001B689BB223F4E04309
:103C400023F040039BB283F03003FB81FB8943F0F8
:103C50007F4343F47F0343F4004343F080039AB26D
:103C6000FB7D03F1805303F5B8539B001A605CE0C1
:103C7000FB7819467868FFF761F90346B3F5805F72
:103C800053D1FB7D03F1805303F5B8539B001B68B0
:103C900003F48043002B20D0FB7D03F1805303F518
:103CA000B8539B001B689BB223F4E04323F07003DE
:103CB0009BB243F48043BB82BB8A43F07F4343F40F
:103CC0007F0343F4004343F080039AB2FB7D03F18A
:103CD000805303F5B8539B001A60FB7D7A681B0183
:103CE00013441A3300221A70FB7D03F1805303F54D
:103CF000B8539B001B689BB223F4804323F07003EE
:103D00009BB283F440537B827B8A43F07F4343F42E
:103D10007F0343F4004343F080039AB2FB7D03F139
:103D2000805303F5B8539B001A6000BF1837BD4697
:103D300080BD80B485B000AF78600B46FB70FB7827
:103D400003F07F0303F1805303F5B8539B001B6816
:103D5000FB6097F90330002B05DAFB689BB203F098
:103D600030039BB204E0FB689BB203F440539BB268
:103D700018461437BD465DF8047B704780B487B0A1
:103D800000AF78600B46FB7013463B803B88002BEE
:103D900021D0284B1A68FB781B0113441B6803F1E0
:103DA000005303F540535B003B6100237B610CE053
:103DB0007B6819883B691A1D3A610A461A607B685C
:103DC00002337B607B6901337B613B8801335B0895
:103DD0007A699A42ECD3174B1A68FB781B0113449B
:103DE0003A885A60FB7803F1805303F5B8539B007F
:103DF0001B689BB223F4E04323F040039BB283F0A3
:103E00003003FB81FB8943F07F4343F47F0343F49A
:103E1000004343F080039AB2FB7803F1805303F52B
:103E2000B8539B001A6000BF1C37BD465DF8047B89
:103E3000704700BF9402002080B48BB000AF786060
:103E4000084611461A460346FB700B463B80134654
:103E5000BB70984B5B687B61FB7803F1805303F583
:103E6000B8539B001B683B61FB781B0158337A6990
:103E70001344FB60FB7803F1805303F5B8539B00B8
:103E80001B6803F4C063002B0AD1FB7803F1805355
:103E900003F5B8539B001B6803F48073002B0CD10F
:103EA000FB7803F1805303F5B8539B001B6803F4C0
:103EB000C063B3F5806F40F06D81BB78012B40F09B
:103EC000FD80FB681B883A889A4240F2A7807A4BB3
:103ED0001A68FB781B0113441B6803F1005303F5B8
:103EE00040535B00FB61744B1A68FB781B01134461
:103EF0009B6803F1005303F540535B00BB613B69D2
:103F000003F04003002B44D000237B620CE07B686D
:103F10001988BB691A1DBA610A461A607B680233A8
:103F20007B607B6A01337B62FB681B8801335B0823
:103F30007A6A9A42EBD300237B620CE07B68198893
:103F4000FB691A1DFA610A461A607B6802337B60BE
:103F50007B6A01337B623B88FA6812889B1A0133C3
:103F60005B087A6A9A42E9D3FB681988524B1A684F
:103F7000FB781B0113440A46DA603B88FA68128812
:103F8000991A4D4B1A68FB781B0113440A465A6074
:103F9000DFE000237B620CE07B681988FB691A1D57
:103FA000FA610A461A607B6802337B607B6A0133E0
:103FB0007B62FB681B8801335B087A6A9A42EBD309
:103FC00000237B620CE07B681988BB691A1DBA610B
:103FD0000A461A607B6802337B607B6A01337B622E
:103FE0003B88FA6812889B1A01335B087A6A9A4206
:103FF000E9D3FB681988304B1A68FB781B0113441E
:104000000A465A603B88FA681288991A2A4B1A683D
:10401000FB781B0113440A46DA609AE03B6903F01F
:104020004003002B0CD0244B1A68FB781B0113446F
:104030009B6803F1005303F540535B003B620BE0C8
:104040001D4B1A68FB781B0113441B6803F10053D6
:1040500003F540535B003B623B88002B15D00023E7
:104060007B620CE07B6819883B6A1A1D3A620A463B
:104070001A607B6802337B607B6A01337B623B881A
:1040800001335B087A6A9A42ECD33B6903F0400340
:10409000002B07D0084B1A68FB781B0113443A88A1
:1040A000DA6056E0044B1A68FB781B0113443A8827
:1040B0005A604EE0AC0F0020940200203B6903F0F0
:1040C0004003002B0CD0364B1A68FB781B011344BD
:1040D0001B6803F1005303F540535B003B620BE0A8
:1040E0002F4B1A68FB781B0113449B6803F10053A4
:1040F00003F540535B003B623B88002B15D0002347
:104100007B620CE07B6819883B6A1A1D3A620A469A
:104110001A607B6802337B607B6A01337B623B8879
:1041200001335B087A6A9A42ECD33B6903F040039F
:10413000002B07D01A4B1A68FB781B0113443A88EE
:104140005A6006E0164B1A68FB781B0113443A8844
:10415000DA60FB7803F1805303F5B8539B001B68CA
:104160009BB223F4E04323F040039BB283F030037F
:104170007B817B8943F07F4343F47F0343F4004317
:1041800043F080039AB2FB7803F1805303F5B853F0
:104190009B001A6000BF2C37BD465DF8047B70475A
:1041A0009402002080B485B000AF78600B46FB70AD
:1041B0001346BB700023FB810023BB810023BB603F
:1041C000BB78002B16D1394B1A68FB781B011344BE
:1041D000DB689BB2C3F30903BB81344B1A68FB78DD
:1041E0001B0113449B6803F1005303F540535B002C
:1041F000BB603DE0BB78012B38D1FB7803F18053E5
:1042000003F5B8539B001B6803F48043002B16D0C2
:10421000264B1A68FB781B0113445B689BB2C3F3FF
:104220000903BB81214B1A68FB781B0113441B68EF
:1042300003F1005303F540535B00BB6018E01B4BD8
:104240001A68FB781B011344DB689BB2C3F30903B4
:10425000BB81164B1A68FB781B0113449B6803F162
:10426000005303F540535B00BB6001E0002316E000
:104270000023FB810CE0BB681A1DBA601B689AB270
:104280007B681A807B6802337B60FB890133FB818A
:10429000FA89BB8901335B089A42ECD3BB89184683
:1042A0001437BD465DF8047B704700BF94020020C0
:1042B00080B483B000AF7860084B5B681B7A012B39
:1042C00005D1074B1B68064A43F01003136000BF7B
:1042D0000C37BD465DF8047B704700BFAC0F002073
:1042E000405C004080B400AF084B1B68074A23F0D5
:1042F00004031360054B1B68044A23F00803136092
:1043000000BFBD465DF8047B704700BF405C0040C5
:1043100080B400AF054B1B68044A43F00C031360E4
:1043200000BFBD465DF8047B704700BF405C0040A5
:1043300080B582B000AF78607B68D3F8D0305B691D
:10434000984700BF0837BD4680BD80B582B000AF3A
:1043500078607B68D3F8D0301B69984700BF083776
:10436000BD4680BD80B485B000AF0346FB7100231D
:10437000FB81FB7903F1805303F5B8539B001B6865
:1043800003F48043002B0AD00D4B1A68FB791B0104
:1043900013445B689BB2C3F30903FB8109E0084B3C
:1043A0001A68FB791B011344DB689BB2C3F3090352
:1043B000FB81FB8918461437BD465DF8047B7047C6
:1043C0009402002090B58BB000AFB74B5B683B62A6
:1043D000B64B1B689BB27B807B889BB2DBB203F041
:1043E0000F0387F8273097F8273003F1805303F540
:1043F000B8539B001B68FB61D1E17B889BB203F043
:104400001003002B00F0DF8097F827301B011833D2
:104410003A6A1344FB6097F8273003F1805303F5A1
:10442000B8539B001B6803F40043002B00F0A381EA
:1044300097F8273003F1805303F5B8539B001B68AE
:104440009AB240F68F7313407B817B8943F08003DF
:104450009AB297F8273003F1805303F5B8539B00C5
:104460001A6097F827301846FFF77CFF03463B8118
:10447000FB685B891A463B891344FA6812899342A8
:104480000ADAFB681B883A899A4205D197F82730E7
:1044900001211846FEF765FD3B6AD3F8D0305B6B0F
:1044A000FA68506897F8271001229847FB685A6805
:1044B0003B891A44FB685A60FB685A893B8913445C
:1044C0009AB2FB685A81FB685A89FB681B899A4239
:1044D00005D2FB681B883A899A4280F04C8197F894
:1044E000273003F1805303F5B8539B001B6803F496
:1044F000C063B3F5806F23D097F8273003F1805362
:1045000003F5B8539B001B689BB223F4804323F050
:1045100070039BB283F40053BB80BB8843F07F439E
:1045200043F47F0343F4004343F080039AB297F8C7
:10453000273003F1805303F5B8539B001A601FE046
:1045400097F8273003F1805303F5B8539B001B689D
:104550009BB223F4804323F07003FB80FB8843F07D
:104560007F4343F47F0343F4004343F080039AB254
:1045700097F8273003F1805303F5B8539B001A6076
:1045800097F8273001211846FEF7EBFC97F8272013
:10459000396A13465B0013449B000B449C331B6831
:1045A000002B00F0E88097F82720396A13465B005B
:1045B00013449B000B449C331B6897F8272011463B
:1045C000386A9847D7E097F827301B0158333A6A82
:1045D0001344BB6197F8273003F1805303F5B853B8
:1045E0009B001B6803F08003002B00F0C48097F849
:1045F000273003F1805303F5B8539B001B689BB22F
:1046000023F4E14323F07003FB82FB8A6FEA434308
:104610006FEA53439AB297F8273003F1805303F5BA
:10462000B8539B001A6097F8273000211846FEF710
:1046300098FCBB699B89013B9AB2BB699A81BB69B3
:104640009B89002B70D197F8273003F1805303F535
:10465000B8539B001B6803F4C063B3F5806F27D089
:1046600097F8273003F1805303F5B8539B001B687C
:104670009BB223F4E04323F040039BB283F020037A
:104680003B823B8A43F07F4343F47F0343F4004380
:1046900043F080039AB297F8273003F1805303F573
:1046A000B8539B001A6023E0AC0F0020445C00402C
:1046B00097F8273003F1805303F5B8539B001B682C
:1046C0009BB223F4E04323F040037B827B8A43F0D8
:1046D0007F4343F47F0343F4004343F080039AB2E3
:1046E00097F8273003F1805303F5B8539B001A6005
:1046F00097F82720396A13465B0013449B000B444C
:10470000A0331B68002B36D097F82720396A134650
:104710005B0013449B000B44A0331B6897F82720D1
:104720001146386A984726E0BB699B89012B22D93C
:10473000BB691A88BB691B89934228BF1346BB8299
:104740003B6AD3F8D0301C6BBB695868BA8A97F8BB
:1047500027100023A047BB695A68BB8A1A44BB696B
:104760005A60BB691A89BB8AD31A9AB2BB691A818B
:10477000BB69BA8A5A81224B1B689BB27B807B88BB
:104780009BB2DBB203F00F0387F8273097F827308E
:1047900003F1805303F5B8539B001B68FB617B88D2
:1047A0009BB21BB2002B26DA97F8273003F1805317
:1047B00003F5B8539B001B6803F4C063002B0CD1B6
:1047C00097F8273003F1805303F5B8539B001B681B
:1047D00003F48073002B7FF410AE97F8273003F1B9
:1047E000805303F5B8539B001B6803F4C063B3F513
:1047F000806F3FF402AE00BF2C37BD4690BD00BFB6
:10480000445C004080B588B000AF7F4B1B689BB212
:10481000BB807D4B1B689BB223F0FF039BB27B8068
:104820007A4B1B68FB837B889AB2FB8B13409BB24D
:104830007B80774B5B68BB617B889BB21BB2002B94
:1048400080F2F980EEE0BB889BB2DBB203F00F038D
:10485000FB75BB889BB203F01003002B00F08B802C
:10486000FB7D03F1805303F5B8539B001B6803F4F1
:104870000043002B00F0D680FB7D03F1805303F54D
:10488000B8539B001B689AB240F68F731340FB81AC
:10489000FB8943F080039AB2FB7D03F1805303F55B
:1048A000B8539B001A60FB7D03F1805303F5B853A6
:1048B0009B001B6803F40063002B11D0FB7D002BD1
:1048C00040F03D81FA7DB96913465B0013449B00BB
:1048D0000B4498331B68FA7D1146B8699847A1E0EC
:1048E000FB7D1B011833BA691344BB60BB69D3F865
:1048F000D0305B6BBA685068F97D00229847034658
:10490000FB80BB685A68FB881A44BB685A60BB6866
:104910005A89FB8813449AB2BB685A81BB685A898A
:10492000BB681B899A4204D2BB681B88FA889A42EA
:1049300018D2FA7DB96913465B0013449B000B44FF
:104940009C331B68002B6DD0FA7DB96913465B0060
:1049500013449B000B449C331B68FA7D1146B869D5
:1049600098475FE0BB69D3F8D0309B6AFA7D114667
:10497000B869984756E0FB7D03F1805303F5B853BF
:104980009B001B6803F08003002B4BD0FB7D03F1E1
:10499000805303F5B8539B001B689BB223F4E1439B
:1049A00023F07003BB82BB8A6FEA43436FEA534331
:1049B0009AB2FB7D03F1805303F5B8539B001A6054
:1049C000FB7D1B015833BA6913443B613B691B896A
:1049D000002B1FD1FA7DB96913465B0013449B007D
:1049E0000B44A0331B68002B1CD0FA7DB969134619
:1049F0005B0013449B000B44A0331B68FA7D1146F7
:104A0000B86998470EE000BF445C0040405C00403D
:104A1000AC0F00203B695A683B691B89F97DB86976
:104A2000FDF778FB484B1B689BB21A46BA801BB255
:104A3000002BFFF608AF7B889BB203F480539BB238
:104A4000002B0FD0404B6FF480521A60BB69DB78AB
:104A5000DAB2BB699A70BB695B7A002B02D1B86984
:104A6000FFF766FC7B889BB203F400639BB2002BCC
:104A70000CD0364B1B6803F01003002B06D1B8692D
:104A800000F068F8304B6FF400621A607B889BB2CC
:104A900003F400739BB2002B0CD02B4B6FF400720D
:104AA0001A602B4B1B68002B04D0294B1B681B681A
:104AB000B86998477B889BB203F480739BB2002B44
:104AC0002BD0214B6FF480721A60BB699B79002B4D
:104AD00023D0BB699B79013BDAB2BB699A71BB6990
:104AE0009B79002B19D1BB695B7A002B09D0174B3E
:104AF0001B68164A23F010031360BB6900225A7228
:104B00000BE0124B1B68114A43F010031360BB69A2
:104B100003229A71BB6901225A727B889BB203F40B
:104B200080639BB2002B0BD0074B6FF480621A603E
:104B3000BB69D3F8D030DB69B869984700E000BFA3
:104B40002037BD4680BD00BF445C0040405C004053
:104B5000A40F002080B582B000AF78607B689B789E
:104B6000DAB27B68DA707B6804229A707B68DB7942
:104B7000002B03D07868FFF7E8FB02E07B68032294
:104B80009A7100BF0837BD4680BD0000002103E0D8
:104B90000B4B5B58435004310A480B4B42189A4266
:104BA000F6D30A4A02E0002342F8043B084B9A423B
:104BB000F9D300F02BF804F0E3FFFBF711FD704789
:104BC0007CAC0008000000203803002038030020DF
:104BD00078660020FEE780B485B000AF78600023DF
:104BE000FB6002E0FB680133FB607A6813469B00C0
:104BF00013445B001A46FB689A42F3D800BF00BF1B
:104C00001437BD465DF8047B7047000080B582B064
:104C100000AF534BD3F88830514A43F47003C2F8C5
:104C20008830504B1B684F4A43F00103136000BFAC
:104C30004C4B1B6803F00203002BF9D04A4B1B6856
:104C400003F00C03082B64D100237B6002E07B6837
:104C500001337B607B684F2BF9D9434B1B683B606A
:104C60003B6823F0F0033B603B6843F080033B600C
:104C70003D4A3B68136000237B6002E07B680133A0
:104C80007B607B684F2BF9D9374B1B683B603B68D7
:104C900023F0F0033B603B6843F090033B60324AF3
:104CA0003B68136000237B6002E07B6801337B601C
:104CB0007B684F2BF9D92C4B1B683B603B6823F07A
:104CC000F0033B603B6843F0A0033B60264A3B682F
:104CD000136000237B6002E07B6801337B607B68AC
:104CE0004F2BF9D9204B1B683B603B6823F0F00346
:104CF0003B603B6843F0B0033B601B4A3B6813607A
:104D000000237B6002E07B6801337B607B684F2B74
:104D1000F9D9154B1B68144A23F003031360C8200C
:104D2000FFF759FF0F4B1B680E4A23F0847323F4DF
:104D3000803313600D4B4FF41F021A60094B1B6840
:104D4000084A23F480231360074B00221A60084BA3
:104D500000221A6000F00EF800BF0837BD4680BD83
:104D600000ED00E000100240041002400810024074
:104D70002C10024080B500AF00F002F800BF80BDEB
:104D800080B485B000AF0023FB600023BB604A4BBA
:104D90001B68494A43F480331360FB680133FB60AE
:104DA000454B1B6803F40033BB60BB68002B04D188
:104DB000FB684FF6FF729342EFD13F4B1B6803F441
:104DC0000033002B01D100BFFDE73C4B1B683B4A81
:104DD00043F0805313603A4B1B68394A43F4404315
:104DE0001360384B374A1B681360364B354A1B68D3
:104DF0001360344B1B68334A43F480631360314BB8
:104E00001B68304A23F4403313602E4B1B682D4A35
:104E100043F4403313602B4B1B682A4A23F0904322
:104E200023F470131360274B1B68264A43F4501376
:104E30001360214B1B68204A43F08073136000BF4E
:104E40001D4B1B6803F00073002BF9D01C4B1B6833
:104E50001B4A43F48033136000BF1B4B1B6803F4F1
:104E60008033002BF9D0164B1B68154A43F40033EE
:104E7000136000BF144B1B6803F40033002BF9D000
:104E8000104B1B687B607B6823F003037B607B68AF
:104E900043F002037B600B4A7B68136000BF094B41
:104EA0001B6803F00803002BF9D000BF00BF1437C4
:104EB000BD465DF8047B7047001002401C100240A4
:104EC00000700040041002400470004090B48CB0A8
:104ED00000AF484B3C460FCB84E80F00464B1B68A5
:104EE0009B0803F003037B627B6A022B11D07B6A71
:104EF000022B63D87B6A002B03D07B6A012B04D082
:104F00005CE03E4B3E4A1A605CE03C4B3D4A1A6016
:104F100058E0394B1B6803F480333B623B6AB3F5BE
:104F2000803F19D1384B1B6803F08043FB61FB695C
:104F3000002B02D1334BBB6201E0344BBB622E4BE2
:104F40001B6803F40033BB61BB69B3F5003F05D1B7
:104F5000BB6A5B08BB6201E02D4BBB62264B1B6842
:104F60009B0C03F00F03FB62234B1B6803F00063F1
:104F7000002B03D0FB6A43F01003FB621E4B1B683F
:104F800003F08043002B03D0FB6A43F02003FB6255
:104F9000FB6A0E2B03D9FB6A0133FB6202E0FB6A5A
:104FA0000233FB62FB6A3D2B01D93F23FB62BB6AE4
:104FB000FA6A02FB03F3114A136003E00F4B104A35
:104FC0001A6000BF0C4B1B681B0903F00F037B61C9
:104FD0003A467B6913441B783B61084B1A683B696E
:104FE00022FA03F3054A136000BF3037BD4690BC78
:104FF000704700BFB8A4000804100240DC02002083
:1050000000127A000024F4002C100240006CDC0234
:1050100000093D0080B483B000AF7860104B1A687F
:105020007B6813440F4A934206D30D4B1A687B6882
:1050300013440D4A934202D94FF0FF330AE0084B64
:105040001A687B681344064A1360054B1A687B682C
:105050005B42134418460C37BD465DF8047B70472D
:10506000E002002078660020786A002080B483B0D7
:1050700000AF0346FB80FB889B099BB203F1804392
:1050800003F504331968FB8803F01F0301229A40DB
:10509000FB889B099BB203F1804303F50433184658
:1050A00041EA0203036000BF0C37BD465DF8047B94
:1050B0007047000080B485B000AF7860084B1B6873
:1050C000FB60FB6823F44003FB600549FA687B68DA
:1050D00013430B6000BF1437BD465DF8047B704777
:1050E0000410024090B498B000AF0346FB71002357
:1050F000FB656E4B07F11C040FCB84E80F006C4A74
:1051000007F1140392E8030083E80300684A07F1FB
:105110000C0392E8030083E80300664B1B689B08BE
:1051200003F00303FB64FB6C022B0FD0FB6C022B20
:1051300064D8FB6C002B03D0FB6C012B03D05DE02B
:105140005D4BBB655DE05D4BBB655AE0594B1B6831
:1051500003F48033BB64BB6CB3F5803F19D1584B6B
:105160001B6803F080437B647B6C002B02D1534BA4
:105170003B6501E0534B3B654E4B1B6803F400332A
:105180003B643B6CB3F5003F05D13B6D5B083B6571
:1051900001E04D4B3B65474B1B689B0C03F00F0335
:1051A0007B65444B1B6803F00063002B03D07B6DD1
:1051B00043F010037B653F4B1B6803F08043002BDB
:1051C00003D07B6D43F020037B657B6D0E2B03D8F2
:1051D0007B6D02337B650BE07B6D0E2B06D97B6DFF
:1051E0003E2B03D87B6D01337B6501E03F237B655C
:1051F0003B6D7A6D02FB03F3BB6502E02E4BBB6592
:1052000000BF2C4B1B681B0903F00F03FB6307F166
:105210001C02FB6B13441B78BB63BA6DBB6B22FA99
:1052200003F37B63234B1B681B0A03F00703FB6339
:1052300007F11402FB6B13441B78BB637A6BBB6BE7
:1052400022FA03F33B631B4B1B68DB0A03F00703E3
:10525000FB6307F10C02FB6B13441B78BB637A6B97
:10526000BB6B22FA03F3FB62FB79032B16D801A276
:1052700052F823F0855200088B5200089152000822
:1052800097520008BB6DFB6509E07B6BFB6506E090
:105290003B6BFB6503E0FB6AFB6500E000BFFB6D59
:1052A00018466037BD4690BC704700BFC8A40008D0
:1052B000D8A400080410024000127A000024F40070
:1052C0002C100240006CDC0200093D0080B489B063
:1052D00000AFF860B9607A603B600023BB610023D7
:1052E0007B61BB6803F00F03BB61BB6803F0100375
:1052F000002B14D07B68042B0DD1BB6943F0030352
:10530000BB61FB683C331A68FB683C3319463B6859
:1053100013430B6003E0BA697B681343BB6100234E
:10532000FB8339E0FB8B01229A403B681340002B42
:105330002FD0FB681B687B61FB8B9B000F2202FA5E
:1053400003F3DB437A6913407B61FB8B9B00BA69F3
:1053500002FA03F37A6913437B61BB68282B09D1F6
:10536000FB8B01229A40FB68143319463B681340BB
:105370000B600BE0BB68482B08D1FB8B01229A40E5
:10538000FB68103319463B6813400B60FB687A6971
:105390001A60FB8B0133FB83FB8B072BC2D90823DD
:1053A000FB833EE0FB8B01229A403B681340002BBD
:1053B00034D0FB6804331B687B61FB8B083B9B008C
:1053C0000F2202FA03F3DB437A6913407B61FB8B04
:1053D000083B9B00BA6902FA03F37A6913437B61C5
:1053E000BB68282B09D1FB8B01229A40FB68143340
:1053F00019463B6813400B600BE0BB68482B08D193
:10540000FB8B01229A40FB68103319463B6813401E
:105410000B60FB6804331A467B691360FB8B013316
:10542000FB83FB8B0F2BBDD900BF00BF2437BD46CC
:105430005DF8047B704780B483B000AF786039605A
:105440007B6810331A463B68136000BF0C37BD46BB
:105450005DF8047B704780B483B000AF786039603A
:105460007B6814331A463B68136000BF0C37BD4697
:105470005DF8047B7047000080B485B000AF034640
:105480000A46FB711346BB710023FB60BB7903F036
:1054900003039B000F2202FA03F3FB60BB79032B8B
:1054A00013D82D4B1A68FB68DB432B4913400B6064
:1054B000294B1A68F979BB7903F003039B0001FAC1
:1054C00003F3254913430B6040E0BB79072B13D846
:1054D000224B1A68FB68DB43204913400B601F4BCB
:1054E0001A68F979BB7903F003039B0001FA03F30F
:1054F0001A4913430B6029E0BB790B2B13D8184BC7
:105500001A68FB68DB43164913400B60144B1A689A
:10551000F979BB7903F003039B0001FA03F3104907
:1055200013430B6012E00F4B1A68FB68DB430D4915
:1055300013400B600B4B1A68F979BB7903F0030336
:105540009B0001FA03F3074913430B6000BF1437B4
:10555000BD465DF8047B7047080001400C00014027
:10556000100001401400014080B483B000AF7860A7
:105570000B46FB701346BB70344B1A687B68DB43E9
:10558000324913400B60324B1A687B68DB43304969
:1055900013400B602F4B1A687B68DB432D49134087
:1055A0000B602D4B1A687B68DB432B4913400B6063
:1055B000FB78002B02D0012B07D00DE0234B1A689B
:1055C00022497B6813430B6006E0214B1A6820498F
:1055D0007B6813430B6000BFBB78022B22D0022BE9
:1055E0002DDC002B02D0012B0ED028E0194B1A68BD
:1055F00018497B6813430B60174B1A687B68DB43C1
:10560000154913400B601BE0124B1A687B68DB43A3
:10561000104913400B60104B1A680F497B68134305
:105620000B600DE00B4B1A680A497B6813430B6053
:10563000094B1A6808497B6813430B6000E000BF00
:1056400000BF0C37BD465DF8047B70470004014085
:1056500004040140080401400C04014080B485B0FA
:1056600000AF7860084B1A687B681340002B02D0AB
:105670000123FB7301E00023FB73FB7B1846143707
:10568000BD465DF8047B70471404014080B483B0CC
:1056900000AF7860044A7B68136000BF0C37BD46DA
:1056A0005DF8047B704700BF1404014080B483B0F0
:1056B00000AF78607B6800221A607B6800225A6025
:1056C0007B6800229A607B680022DA607B68002297
:1056D0005A617B6800229A617B6800221A6100BFD0
:1056E0000C37BD465DF8047B704780B485B000AFD1
:1056F000786039600023FB607B681B68FB60FB6897
:1057000003F44153FB603B681B68FA681343FB607A
:105710003B685B68FA681343FB603B689B68FA6808
:105720001343FB603B68DB68FA681343FB603B682C
:105730001B69FA681343FB603B685B69FA681343B3
:10574000FB603B689B69FA681343FB607B68FA68FF
:105750001A607B681C331B687A681C3223F4006370
:10576000136000BF1437BD465DF8047B704780B4FA
:1057700083B000AF78607B681A687B6842F04002B3
:105780001A6000BF0C37BD465DF8047B704780B4DB
:1057900083B000AF78607B681A687B6842F48072DF
:1057A0001A6000BF0C37BD465DF8047B704780B4BB
:1057B00083B000AF78600B467B807B680C331A4661
:1057C0007B88136000BF0C37BD465DF8047B7047D3
:1057D00080B483B000AF78607B680C331B689BB2E9
:1057E00018460C37BD465DF8047B704780B485B021
:1057F00000AF786039607B6808331A683B681340F3
:10580000002B02D00123FB7301E00023FB73FB7B21
:1058100018461437BD465DF8047B704780B58AB0E2
:1058200000AFF860B9607A60BB68002B01D100BF9F
:10583000FDE70220FFF756FCF861FB69794AA2FBFD
:1058400003239B0C3B623B6A3B2B01D93C233B620D
:10585000FB6804331B68BB61BB6923F07F03BB613A
:10586000BA693B6A1343BB61FB6804331A46BB69E0
:105870001360BB686C4A934233D8FB69694AA2FB48
:1058800003239B0C01337B617B693B2B05D9FB68B0
:1058900020331A463C2313600DE07B69022B05D8A8
:1058A000FB6820331A460223136004E0FB682033B0
:1058B0001A467B691360BB685B00FA69B2FBF3F3BD
:1058C0007B627B6A032B01D804237B62FB681C3359
:1058D0001A687B6AC3F30B03F9681C3113430B602E
:1058E0009BE0BB68514A93424DD83B6A4FF4967295
:1058F00002FB03F34E4AA2FB03239B09FA68203202
:10590000013313607B68002B10D1BA6813465B002B
:105910001344FA69B2FBF3F37B62FB681C331B6828
:10592000FA681C3223F48043136011E0BA6813460E
:105930009B0013449A001344FA69B2FBF3F37B62B1
:10594000FB681C331B68FA681C3243F48043136005
:105950007B6AC3F30B03002B03D17B6A43F0010383
:105960007B62FB681C331B68FA681C3243F40043FB
:105970001360FB681C331A68FB681C3319467B6A8A
:1059800013430B6049E03A6A13461B019B1ADB0084
:105990001A46274BA3FB02239B09FA6820320133E6
:1059A00013607B68002B10D1BA6813465B00134468
:1059B000FA69B2FBF3F37B62FB681C331B68FA687D
:1059C0001C3223F48043136011E0BA6813469B0035
:1059D00013449A001344FA69B2FBF3F37B62FB6849
:1059E0001C331B68FA681C3243F480431360FB6865
:1059F0001C331B68FA681C3243F400431360FB68D5
:105A00001C331A68FB681C3319467B6A13430B600E
:105A1000FB6890331A460123136000BF2837BD4648
:105A200080BD00BF83DE1B43A0860100801A0600F4
:105A3000D34D621080B487B000AFF860B9607A606F
:105A40003B6000237B61FB681B687B617B6923F003
:105A500002037B617A69BB6813437B61FB687A69E7
:105A60001A603B68C3F309033B60FB6808331946BF
:105A70007A683B6813430B6000BF1C37BD465DF876
:105A8000047B704780B485B000AF78603960002334
:105A9000FB607B681B68FB60FB6823F48063FB6032
:105AA000FA683B681343FB607B68FA681A6000BFC2
:105AB0001437BD465DF8047B704780B485B000AFF5
:105AC000F860B9607A607B6813F1020F04D1BB689B
:105AD00023F00103BB6003E0BB6843F00103BB603C
:105AE000FB6810331A46BB68136000BF1437BD460D
:105AF0005DF8047B704780B483B000AF78607B684A
:105B00001A687B6842F001021A6000BF0C37BD467C
:105B10005DF8047B704780B483B000AF78607B6829
:105B20001A687B6842F480721A6000BF0C37BD4669
:105B30005DF8047B704780B483B000AF78607B6809
:105B40001A687B6842F400721A6000BF0C37BD46C9
:105B50005DF8047B704780B483B000AF78600B467B
:105B6000FB707B6810331A46FB78136000BF0C375C
:105B7000BD465DF8047B704780B483B000AF7860A9
:105B80007B6810331B68DBB218460C37BD465DF8E6
:105B9000047B704780B485B000AF78600B467B8093
:105BA0007B889B099BB21A467B6813441A687B88E2
:105BB00003F01F0322FA03F303F00103002B02D0CA
:105BC0000123FB7301E00023FB73FB7B18461437B2
:105BD000BD465DF8047B704780B483B000AF786049
:105BE0000B467B807B8840F20152934206D17B6852
:105BF00014331B687B6818331B6815E07B889B098E
:105C00009BB21A467B6813441A687B8803F01F0313
:105C1000012101FA03F3DB437988890989B2084637
:105C20007968014413400B6000BF0C37BD465DF836
:105C3000047B704780B400AF044BDB681B0A03F0A1
:105C400007031846BD465DF8047B704700ED00E091
:105C500080B483B000AF0346FB71FB7903F01F03F0
:105C6000012202FA03F1064A97F907305B0942F86C
:105C7000231000BF0C37BD465DF8047B704700BFA2
:105C800000E100E080B483B000AF03463960FB71EF
:105C900097F90730002B0BDA3B68DAB20C49FB7935
:105CA00003F00F03043B1201D2B20B441A7609E051
:105CB0003B68DAB2074997F907301201D2B20B44B8
:105CC00083F8002300BF0C37BD465DF8047B7047A6
:105CD00000ED00E000E100E080B489B000AFF860C2
:105CE000B9607A60FB6803F00703FB61FB69C3F1ED
:105CF0000703042B28BF0423BB61FB690433062B75
:105D000002D9FB69033B00E000237B610122BB69F0
:105D100002FA03F3013B1A46BB681A407B699A40BA
:105D200001217B6901FA03F3013B19467B680B40B3
:105D3000134318462437BD465DF8047B70470000C6
:105D400080B483B000AF7860064A7B6843F0BF63DD
:105D500043F40033D36000BF0C37BD465DF8047BCD
:105D6000704700BF00ED00E080B584B000AF03468F
:105D7000FB710B46BB7113467B711D4BDB6803F453
:105D8000E063B3F5E06F19D0B3F5E06F11D8B3F568
:105D9000C06F13D0B3F5C06F0BD8B3F5A06F0DD0A3
:105DA000B3F5A06F05D8B3F5407F07D0B3F5806F8A
:105DB00004D04FF4A060FFF7C3FF00E000BFFFF77F
:105DC00039FFF860BB797A791946F868FFF784FFE4
:105DD000B86097F90730B9681846FFF753FF97F98D
:105DE00007301846FFF734FF00BF1037BD4680BDAF
:105DF00000ED00E080B58AB004AFF860B9607A6069
:105E00003B607B689B00184602F000FE38613B69EE
:105E1000002B13D05C2002F0F9FD78617B69002B28
:105E200008D05C220021786903F08EFE7B693A6914
:105E30001A6305E0386902F09BFE01E000237B61F4
:105E40007B69002B0DD0002303937B6902937B6A4F
:105E500001933B6A00933B687A68B968F86800F080
:105E600028F87B6918461837BD4680BD80B588B0D4
:105E700002AFF860B9607A603B607B6A01933B6A6D
:105E800000933B687A68B968F868FFF7B3FF386138
:105E90003B69002B05D0386900F07CF801237B6159
:105EA00002E04FF0FF337B617B6918461837BD462F
:105EB00080BD80B586B000AFF860B9607A603B60A5
:105EC000BB6A186B7B689B001A46A52103F03CFE59
:105ED000BB6A1A6B7B6803F18043013B9B00134450
:105EE0003B613B6923F007033B61BB68002B1ED07D
:105EF00000237B6112E0BA687B6913441978BA6A9F
:105F00007B69134434330A461A70BA687B691344B8
:105F10001B78002B06D07B6901337B617B690F2BDB
:105F2000E9D900E000BFBB6A002283F843203B6A46
:105F3000372B01D937233B62BB6A3A6ADA62BB6A04
:105F40003A6ADA64BB6A0433184601F013FFBB6A8D
:105F50001833184601F00EFFBB6ABA6A1A613B6A31
:105F6000C3F13802BB6A9A61BB6ABA6A5A623A687C
:105F7000F968386902F0EEFB0246BB6A1A607B6A78
:105F8000002B02D07B6ABA6A1A6000BF1837BD4680
:105F900080BD000080B584B000AF786002F088FC5E
:105FA000424B1B680133414A1360414B1B68002B75
:105FB00009D13F4A7B6813603C4B1B68012B10D111
:105FC00000F038FE0DE03B4B1B68002B09D1384B2D
:105FD0001B68DA6A7B68DB6A9A4202D8344A7B68BB
:105FE0001360354B1B680133334A1360324B1A6818
:105FF0007B685A647B68DA6A304B1B689A4203D923
:106000007B68DB6A2D4A13607B68DA6A2C49134689
:106010009B0013449B000B4404331B68FB607B68AC
:10602000FA689A60FB689A687B68DA60FB689B682C
:106030007A6804325A607B681A1DFB689A607B6834
:10604000DA6A13469B0013449B001D4A1A447B687E
:106050005A617B68DA6A1A4913469B0013449B0015
:106060000B441B687A68D26A591C154813469B007A
:1060700013449B000344196002F034FC0D4B1B6871
:10608000002B0ED00A4B1B68DA6A7B68DB6A9A42E7
:1060900007D20C4B4FF080521A60BFF34F8FBFF303
:1060A0006F8F00BF1037BD4680BD00BF8814002031
:1060B000B40F002094140020A41400209014002099
:1060C000B80F002004ED00E080B584B000AF786028
:1060D0000023FB607B68002B08D000F0A3F80021B0
:1060E000786801F021F800F0ABF8F860FB68002B4D
:1060F00007D1064B4FF080521A60BFF34F8FBFF3AA
:106100006F8F00BF1037BD4680BD00BF04ED00E0BB
:1061100080B58AB002AF0123FB613B4600221A60C2
:106120005A609A60DA6000233B6100237B6111E0D2
:106130001F4A7B69134419783A467B6913440A461F
:106140001A703A467B6913441B78002B06D07B6992
:1061500001337B617B690E2BEAD900E000BF3A4630
:106160007B69134400221A700023BB6115E0114BB8
:106170003B61BB699B00104A1344394601930023DD
:106180000093002380223869FFF770FEF861FB69F5
:10619000012B06D1BB690133BB61BB69002BE6DD76
:1061A00000E000BFFB6918462037BD4680BD00BF38
:1061B000E0A40008056C0008AC14002080B582B093
:1061C00000AFFFF7A5FF78607B68012B02D101F0DB
:1061D00041FE78607B68012B15D14FF0500383F3AB
:1061E0001188BFF36F8FBFF34F8F3B6000BF094B28
:1061F0004FF0FF321A60084B01221A60074B002251
:106200001A6002F01DFB064B1B6800BF0837BD4635
:1062100080BD00BFA8140020941400208C1400201E
:10622000A4AB000880B400AF044B1B680133034AE1
:10623000136000BFBD465DF8047B7047B0140020BA
:1062400080B588B000AF0023FB610023BB6102F082
:106250002FFB00233B616E4B1B68013B6C4A1360B4
:106260006B4B1B68002B40F0CB806A4B1B68002BEC
:1062700000F0C6808FE0684BDB68DB68FB61FB6980
:106280009B6AFB60FB69DB69FA69126A9A60FB69C9
:106290001B6AFA69D2695A60FB685A68FB6918334D
:1062A0009A4203D1FB691A6AFB685A60FB690022B3
:1062B0009A62FB681B685A1EFB681A60FB695B697F
:1062C000BB60FB699B68FA69D2689A60FB69DB680E
:1062D000FA6992685A60BB685A68FB6904339A424B
:1062E00003D1FB69DA68BB685A60FB6900225A6116
:1062F000BB681B685A1EBB681A60FB69DA6A474BA9
:106300001B689A4203D9FB69DB6A444A1360FB6944
:10631000DA6A434913469B0013449B000B44043341
:106320001B687B60FB697A689A607B689A68FB6986
:10633000DA607B689B68FA6904325A60FB691A1D4F
:106340007B689A60FB69DA6A13469B0013449B00E2
:10635000334A1A44FB695A61FB69DA6A30491346C9
:106360009B0013449B000B441B68FA69D26A591CBA
:106370002B4813469B0013449B0003441960FB69A0
:10638000DA6A284B1B68DB6A9A4204D9264A3B69C1
:10639000012142F82310204B1B68002B7FF46BAFC8
:1063A000FB69002B01D000F0C3FC204B1B687B6114
:1063B0007B69002B12D000F059F80346002B04D063
:1063C000194A3B69012142F823107B69013B7B613B
:1063D0007B69002BEFD1154B00221A60124A3B69F2
:1063E00052F82330002B0BD00123BB610D4B1B68EF
:1063F0000F4B4FF080521A60BFF34F8FBFF36F8F78
:1064000002F070FABB6918462037BD4680BD00BF58
:10641000B01400208814002048140020901400209C
:10642000B80F0020B40F00209C1400209814002006
:1064300004ED00E080B483B000AF054B1B687B60C7
:106440007B6818460C37BD465DF8047B704700BF7B
:106450008C14002080B400AF034B1B681846BD4667
:106460005DF8047B704700BF8814002080B588B0B9
:1064700000AF0023FB61774B1B68002B40F0DF80EF
:10648000754B1B680133BB61734ABB691360BB6901
:10649000002B10D1714B1B687B61714B1B686F4ADD
:1064A00013606F4A7B6913606E4B1B6801336D4A42
:1064B000136000F03DFC6C4B1B68BA699A42C0F057
:1064C000A980664B1B681B68002B04D1664B4FF0FC
:1064D000FF321A609EE0614B1B68DB68DB683B6142
:1064E0003B695B68FB60BA69FB689A4203D25E4A0B
:1064F000FB6813608EE03B695B69BB603B699B682E
:106500003A69D2689A603B69DB683A6992685A6076
:10651000BB685A683B6904339A4203D13B69DA6825
:10652000BB685A603B6900225A61BB681B685A1EEF
:10653000BB681A603B699B6A002B1ED03B699B6A53
:106540007B603B69DB693A69126A9A603B691B6A46
:106550003A69D2695A607B685A683B6918339A4233
:1065600003D13B691A6A7B685A603B6900229A62D0
:106570007B681B685A1E7B681A603B69DA6A3B4B72
:106580001B689A4203D93B69DB6A384A13603B694E
:10659000DA6A374913469B0013449B000B440433CB
:1065A0001B683B603B693A689A603B689A683B6944
:1065B000DA603B689B683A6904325A603B691A1D8D
:1065C0003B689A603B69DA6A13469B0013449B0060
:1065D000274A1A443B695A613B69DA6A24491346DF
:1065E0009B0013449B000B441B683A69D26A591CF8
:1065F0001F4813469B0013449B00034419603B69EA
:10660000DA6A1C4B1B68DB6A9A427FF65AAF012399
:10661000FB6156E7174B1B68DA6A154913469B0066
:1066200013449B000B441B68012B01D90123FB6120
:10663000114B1B68002B07D00123FB6104E00F4BBB
:106640001B6801330D4A1360FB6918462037BD46AD
:1066500080BD00BFB01400208C1400204014002026
:1066600044140020A0140020A8140020901400203E
:10667000B80F0020B40F00209C14002098140020B4
:1066800080B584B000AF294B1B68002B03D0284B8A
:1066900001221A6046E0264B00221A60254B1B6837
:1066A0001A68244B1B681B6B9A4209D8214B1B6844
:1066B0003433BB601F4B1B68B9681846F9F7A0FF5D
:1066C0001D4B1B68FB6002E0FB68013BFB601B4944
:1066D000FA6813469B0013449B000B441B68002B75
:1066E000F2D0FA6813469B0013449B00134A1344EC
:1066F0007B607B685B685A687B685A607B685A6815
:106700007B6808339A4203D17B68DA687B685A60F9
:106710007B685B68DB68074A1360074AFB681360A5
:10672000044B1B6800BF1037BD4680BDB01400206D
:106730009C140020B40F002090140020B80F0020FB
:1067400080B582B000AF78603960074B1B681833A2
:106750001946786801F01BFB0121386800F0E4FC61
:1067600000BF0837BD4680BDB40F002080B586B09D
:1067700000AFF860B9607A60174B1B68BA6842F0E6
:1067800000429A61FB685B687B61134B1B687A6906
:10679000DA61114B1B687A6992681A620E4B1A68AB
:1067A0007B699B6818325A600B4B1B6803F1180217
:1067B0007B699A60084B1B68FA689A62FB681B68E1
:1067C0005A1CFB681A600121786800F0ADFC00BF1C
:1067D0001837BD4680BD00BFB40F002080B586B01D
:1067E00000AFF860B9607A60FB685B687B61164B4C
:1067F0001B687A69DA61144B1B687A6992681A62BD
:10680000114B1A687B699B6818325A600E4B1B68E3
:1068100003F118027B699A600B4B1B68FA689A6255
:10682000FB681B685A1CFB681A607B68002B02D04F
:106830004FF0FF33BB607968B86800F075FC00BFAB
:106840001837BD4680BD00BFB40F002080B489B0AA
:1068500000AF78607B68DB68DB68BB61BB699B6A03
:106860007B61BB69DB69BA69126A9A60BB691B6AA2
:10687000BA69D2695A607B695A68BB6918339A420F
:1068800003D1BB691A6A7B695A60BB6900229A62AC
:106890007B691B685A1E7B691A604C4B1B68002B76
:1068A00061D1BB695B69FB60BB699B68BA69D268EF
:1068B0009A60BB69DB68BA6992685A60FB685A687B
:1068C000BB6904339A4203D1BB69DA68FB685A603A
:1068D000BB6900225A61FB681B685A1EFB681A607C
:1068E000BB69DA6A3A4B1B689A4203D9BB69DB6A17
:1068F000374A1360BB69DA6A364913469B00134472
:106900009B000B4404331B68BB60BB69BA689A6088
:10691000BB689A68BB69DA60BB689B68BA69043275
:106920005A60BB691A1DBB689A60BB69DA6A134674
:106930009B0013449B00274A1A44BB695A61BB69F8
:10694000DA6A244913469B0013449B000B441B68DE
:10695000BA69D26A591C1F4813469B0013449B0016
:10696000034419601BE01C4B5B683B61BB693A69DF
:10697000DA613B699A68BB691A623B699B68BA69CC
:1069800018325A60BB6903F118023B699A60BB690F
:10699000114A9A62104B1B6801330F4A1360BB699E
:1069A000DA6A0E4B1B68DB6A9A4205D90123FB6148
:1069B0000B4B01221A6001E00023FB61FB691846C2
:1069C0002437BD465DF8047B704700BFB01400203B
:1069D00090140020B80F002048140020B40F0020AD
:1069E0009C14002080B487B000AF786039603B68A9
:1069F00043F000427B681A607B68DB687B617B68E0
:106A00001B693B617B685B687A6892689A607B6807
:106A10009B687A6852685A603B695B687A689A42F8
:106A200003D17B689A683B695A607B6800221A61CF
:106A30003B691B685A1E3B691A607B695B69FB6096
:106A40007B699B687A69D2689A607B69DB687A693E
:106A500092685A60FB685A687B6904339A4203D192
:106A60007B69DA68FB685A607B6900225A61FB68BF
:106A70001B685A1EFB681A607B69DA6A274B1B6821
:106A80009A4203D97B69DB6A244A13607B69DA6A1C
:106A9000234913469B0013449B000B4404331B689B
:106AA000BB607B69BA689A60BB689A687B69DA6088
:106AB000BB689B687A6904325A607B691A1DBB689F
:106AC0009A607B69DA6A13469B0013449B00144A60
:106AD0001A447B695A617B69DA6A114913469B0043
:106AE00013449B000B441B687A69D26A591C0C48FA
:106AF00013469B0013449B00034419607B69DA6AC8
:106B0000084B1B68DB6A9A4202D9074B01221A60C4
:106B100000BF1C37BD465DF8047B70479014002011
:106B2000B80F0020B40F00209C14002080B483B064
:106B300000AF7860064B1A687B681A60054B1A68CC
:106B40007B685A6000BF0C37BD465DF8047B704718
:106B5000A01400208C14002080B586B000AF7860AF
:106B6000396001F0A5FE1F4B1B683B617B685B68C9
:106B70003A69D31AFB603B681B68B3F1FF3F02D14F
:106B800000237B6126E07B681A68174B1B689A42DA
:106B90000AD07B685B683A699A4205D301237B611E
:106BA0003B6800221A6015E03B681B68FA689A424D
:106BB0000BD23B681A68FB68D21A3B681A60786887
:106BC000FFF7B4FF00237B6104E03B6800221A60FA
:106BD00001237B6101F086FE7B6918461837BD46AC
:106BE00080BD00BF8C140020A014002080B400AF32
:106BF000034B01221A6000BFBD465DF8047B70475D
:106C00009C14002080B582B000AF786000F052F88C
:106C1000064B1B68012BF9D9054B4FF080521A60C7
:106C2000BFF34F8FBFF36F8FF0E700BFB80F0020A7
:106C300004ED00E080B582B000AF00237B600CE083
:106C40007A6813469B0013449B00124A134418466B
:106C500001F070F87B6801337B607B68372BEFD9DC
:106C60000D4801F067F80D4801F064F80C4801F098
:106C700061F80C4801F05EF80B4801F05BF80B4B33
:106C8000054A1A600A4B054A1A6000BF0837BD461C
:106C900080BD00BFB80F0020181400202C14002065
:106CA000481400205C1400207414002040140020BC
:106CB0004414002080B582B000AF19E001F0F8FD67
:106CC000104BDB68DB687B607B680433184601F09F
:106CD00097F80D4B1B68013B0B4A13600B4B1B686D
:106CE000013B0A4A136001F0FDFD786800F010F8DE
:106CF000064B1B68002BE1D100BF00BF0837BD4623
:106D000080BD00BF5C140020881400207014002097
:106D100080B582B000AF78607B681B6B184601F0CD
:106D200027FF786801F024FF00BF0837BD4680BD0B
:106D300080B400AF0A4B1B681B68002B04D1094BC1
:106D40004FF0FF321A6005E0054B1B68DB681B68DB
:106D5000044A136000BFBD465DF8047B704700BF66
:106D600040140020A814002080B483B000AF0B4B67
:106D70001B68002B02D101237B6008E0084B1B68D5
:106D8000002B02D102237B6001E000237B607B6843
:106D900018460C37BD465DF8047B704794140020FC
:106DA000B014002080B586B000AF78607B683B618E
:106DB00000237B617B68002B7BD03B69DA6A3F4B09
:106DC0001B68DB6A9A426BD23B699B69002B06DB2E
:106DD0003A4B1B68DB6AC3F138023B699A613B6935
:106DE00059693B69DA6A13469B0013449B00344A95
:106DF000134499424CD13B690433184601F000F822
:106E00002E4B1B68DA6A3B69DA623B69DA6A2D4B02
:106E10001B689A4203D93B69DB6A2A4A13603B69C3
:106E2000DA6A274913469B0013449B000B44043342
:106E30001B68FB603B69FA689A60FB689A683B696B
:106E4000DA60FB689B683A6904325A603B691A1D34
:106E5000FB689A603B69DA6A13469B0013449B0007
:106E6000174A1A443B695A613B69DA6A1449134666
:106E70009B0013449B000B441B683A69D26A591C5F
:106E80000F4813469B0013449B000344196004E021
:106E90000A4B1B68DA6A3B69DA6201237B6108E00E
:106EA0003B69DA6C054B1B68DB6A9A4201D201230D
:106EB0007B617B6918461837BD4680BDB40F002042
:106EC000B80F00209014002080B586B000AF786025
:106ED0007B683B6100237B617B68002B61D03B6951
:106EE0001B6D5A1E3B691A653B69DA6A3B69DB6CAC
:106EF0009A4256D03B691B6D002B52D13B6904333B
:106F0000184600F07DFF3B69DA6C3B69DA623B6949
:106F1000DB6AC3F138023B699A613B69DA6A234B49
:106F20001B689A4203D93B69DB6A204A13603B69BC
:106F3000DA6A1F4913469B0013449B000B44043339
:106F40001B68FB603B69FA689A60FB689A683B695A
:106F5000DA60FB689B683A6904325A603B691A1D23
:106F6000FB689A603B69DA6A13469B0013449B00F6
:106F70000F4A1A443B695A613B69DA6A0C49134665
:106F80009B0013449B000B441B683A69D26A591C4E
:106F9000074813469B0013449B00034419600123D8
:106FA0007B617B6918461837BD4680BD9014002070
:106FB000B80F002080B588B000AF786039607B687A
:106FC000BB6101237B617B68002B75D0BB69DB6CE7
:106FD0003A689A4202D93B68FB6102E0BB69DB6C0C
:106FE000FB61BB69DB6AFA699A4265D0BB691B6DBC
:106FF0007A699A4260D1BB69DB6A3B61BB69FA6915
:10700000DA62BB699B69002B04DBFB69C3F13802C0
:10701000BB699A61BB6959693A6913469B0013447D
:107020009B00274A1344994246D1BB690433184652
:1070300000F0E6FEBB69DA6A224B1B689A4203D96C
:10704000BB69DB6A1F4A1360BB69DA6A1C491346D5
:107050009B0013449B000B4404331B68FB60BB691B
:10706000FA689A60FB689A68BB69DA60FB689B689B
:10707000BA6904325A60BB691A1DFB689A60BB6921
:10708000DA6A13469B0013449B000D4A1A44BB69FD
:107090005A61BB69DA6A0A4913469B0013449B0094
:1070A0000B441B68BA69D26A591C054813469B00F9
:1070B00013449B000344196000BF2037BD4680BDC8
:1070C000B80F00209014002080B483B000AF094BAB
:1070D0001B689B697B60074B1B68DA6A054B1B6862
:1070E000C2F138029A617B6818460C37BD465DF8DC
:1070F000047B7047B40F002080B483B000AF094B0D
:107100001B687B607B68002B04D07B681B6D5A1C5E
:107110007B681A657B6818460C37BD465DF8047BB2
:10712000704700BFB40F002080B588B000AF786012
:1071300039602F4B1B68FB612E4B1B68BB612E4BCC
:107140001B687B612D4B1B680433184600F058FE0A
:107150007B68B3F1FF3F24D13B68002B21D0284B43
:107160005B683B61254B1B683A699A60234B1B683F
:107170003A699268DA60214B1A683B699B6804326D
:107180005A601E4B1B681A1D3B699A601B4B1B689B
:107190001B4A5A611A4B1B680133194A136000BF1E
:1071A00022E0FA697B681344FB60144B1B68FA68A1
:1071B0005A60FA68FB699A4207D2104B1B68043385
:1071C0001946786900F0E3FD0EE00C4B1B680433B0
:1071D0001946B86900F0DBFD0A4B1B68FA689A4251
:1071E00002D2084AFB68136000BF2037BD4680BD4D
:1071F0008C1400204014002044140020B40F002000
:1072000074140020A814002080B584B000AF78600A
:1072100039600123FB607B68BB60BB68002B5DD0DD
:10722000BB68DB6B002B59D0BB681A6CBB68DB6B8F
:107230000021A3FB0223002B00D001210B46002BD1
:107240004CD101F035FBBB681A68BB68DB6BB968D1
:10725000096C01FB03F31A44BB689A60BB68002207
:107260009A63BB681A68BB685A60BB681A68BB68D7
:10727000DB6B013BB968096C01FB03F31A44BB6883
:10728000DA60BB68FF2283F84420BB68FF2283F8E2
:1072900045203B68002B14D1BB681B69002B1AD01A
:1072A000BB6810331846FFF7D1FA0346002B12D003
:1072B0000E4B4FF080521A60BFF34F8FBFF36F8FAA
:1072C00009E0BB681033184600F034FDBB68243376
:1072D000184600F02FFD01F005FB01E00023FB60E4
:1072E000FB6818461037BD4680BD00BF04ED00E0C6
:1072F00080B58AB002AFF860B9601346FB71002315
:10730000FB61FB68002B2DD00021BA68FB68A3FB52
:107310000223002B00D001210B46002B22D1FB6859
:10732000BA6802FB03F313F1510F1BD8FB68BA686C
:1073300002FB03F3BB61BB695033184601F066FBE7
:10734000F861FB69002B0DD0FB697B617B695033D1
:107350007B61FA79FB69009313467A69B968F8682A
:1073600000F005F8FB6918462037BD4680BD80B5A2
:1073700084B000AFF860B9607A60FB70BB68002B26
:1073800003D1BB69BA691A6002E0BB697A681A6006
:10739000BB69FA68DA63BB69BA681A640121B86923
:1073A000FFF732FFBB69FA7883F84C2000BF103733
:1073B000BD4680BD80B584B000AF786039600023E1
:1073C000FB607B68002B0FD03A687B689A420BD831
:1073D000022200217868FFF78BFFF860FB68002B22
:1073E00002D0FB683A689A63FB6818461037BD46BE
:1073F00080BD000080B58AB000AFF860B9607A60E7
:107400003B6000237B62FB683B6201F051FA3B6A00
:107410009A6B3B6ADB6B9A4202D33B68022B29D101
:107420003A68B968386A00F041FBF8613B6A5B6A08
:10743000002B10D03B6A24331846FFF707FA0346A7
:10744000002B13D03F4B4FF080521A60BFF34F8F89
:10745000BFF36F8F0AE0FB69002B07D0394B4FF069
:1074600080521A60BFF34F8FBFF36F8F01F03AFA6B
:10747000012363E07B68002B03D101F033FA002382
:107480005CE07B6A002B06D107F114031846FFF776
:107490004DFB01237B6201F025FAFEF7C3FE01F0EC
:1074A00007FA3B6A93F844305BB2B3F1FF3F03D174
:1074B0003B6A002283F844203B6A93F845305BB274
:1074C000B3F1FF3F03D13B6A002283F8452001F06E
:1074D00009FA3A1D07F1140311461846FFF73CFB61
:1074E0000346002B24D1386A00F0D8FB0346002B5A
:1074F00018D03B6A10337A6811461846FFF720F916
:10750000386A00F063FBFEF79BFE0346002B7FF416
:107510007CAF0C4B4FF080521A60BFF34F8FBFF31C
:107520006F8F72E7386A00F051FBFEF789FE6CE757
:10753000386A00F04BFBFEF783FE0023184628371D
:10754000BD4680BD04ED00E080B58EB000AFF860B0
:10755000B9607A603B60FB683B63EFF311824FF0E8
:10756000500383F31188BFF36F8FBFF34F8FFA611E
:10757000BB61FB69FB623B6B9A6B3B6BDB6B9A42BB
:1075800002D33B68022B37D13B6B93F8453087F829
:107590002B303B6B9B6B7B623A68B968386B00F0B1
:1075A00085FA97F92B30B3F1FF3F12D13B6B5B6A41
:1075B000002B1ED03B6B24331846FFF747F90346D8
:1075C000002B16D07B68002B13D07B6801221A6039
:1075D0000FE0FEF73FFF386297F92B303A6A9A4284
:1075E00007D997F82B300133DBB25AB23B6B83F8E3
:1075F000452001237B6301E000237B63FB6A7B6101
:107600007B6983F3118800BF7B6B18463837BD4612
:1076100080BD80B58CB000AF786039607B68BB629C
:10762000EFF311824FF0500383F31188BFF36F8F94
:10763000BFF34F8F7A613B617B697B62BB6A9B6B57
:107640003B62BB6ADB6B3A6A9A4231D2BB6A93F8FF
:107650004530FB773B6A5A1CBB6A9A6397F91F3027
:10766000B3F1FF3F12D1BB6A5B6A002B1DD0BB6A2E
:1076700024331846FFF7EAF80346002B15D03B6881
:10768000002B12D03B6801221A600EE0FEF7E2FEEA
:10769000B86197F91F30BA699A4206D9FB7F013366
:1076A000DBB25AB2BB6A83F845200123FB6201E0DA
:1076B0000023FB627B6AFB60FB6883F3118800BFD9
:1076C000FB6A18463037BD4680BD000080B58AB0E1
:1076D00000AFF860B9607A6000237B62FB683B62B0
:1076E00001F0E6F83B6A9B6BFB61FB69002B1FD046
:1076F000B968386A00F044FAFB695A1E3B6A9A631B
:107700003B6A1B69002B0FD03B6A10331846FFF70A
:107710009DF80346002B07D03C4B4FF080521A6077
:10772000BFF34F8FBFF36F8F01F0DCF8012369E0E7
:107730007B68002B03D101F0D5F8002362E07B6A5F
:10774000002B06D107F114031846FFF7EFF90123C8
:107750007B6201F0C7F8FEF765FD01F0A9F83B6A0E
:1077600093F844305BB2B3F1FF3F03D13B6A002290
:1077700083F844203B6A93F845305BB2B3F1FF3F96
:1077800003D13B6A002283F8452001F0ABF83A1D93
:1077900007F1140311461846FFF7DEF90346002BE4
:1077A00023D1386A00F064FA0346002B17D03B6AF5
:1077B00024337A6811461846FEF7C2FF386A00F093
:1077C00005FAFEF73DFD0346002B89D10F4B4FF024
:1077D00080521A60BFF34F8FBFF36F8F80E7386A14
:1077E00000F0F4F9FEF72CFD7AE7386A00F0EEF9C4
:1077F000FEF726FD386A00F03BFA0346002B3FF403
:107800006FAF002318462837BD4680BD04ED00E069
:1078100080B58AB000AF7860396000237B627B68F6
:10782000FB6100233B6201F043F8FB699B6BBB618A
:10783000BB69002B24D0BB695A1EFB699A63FB69A4
:107840001B68002B04D1FFF757FC0246FB699A60C6
:10785000FB691B69002B0FD0FB6910331846FEF73C
:10786000F5FF0346002B07D04C4B4FF080521A60B7
:10787000BFF34F8FBFF36F8F01F034F8012389E01E
:107880003B68002B03D101F02DF8002382E07B6AD6
:10789000002B06D107F10C031846FFF747F9012327
:1078A0007B6201F01FF8FEF7BDFC01F001F8FB69F7
:1078B00093F844305BB2B3F1FF3F03D1FB69002280
:1078C00083F84420FB6993F845305BB2B3F1FF3F86
:1078D00003D1FB69002283F8452001F003F83A4602
:1078E00007F10C0311461846FFF736F90346002B43
:1078F00032D1F86900F0BCF90346002B26D0FB69B1
:107900001B68002B09D100F0D3FFFB699B68184668
:10791000FFF748FA386200F0E5FFFB6924333A6864
:1079200011461846FEF70CFFF86900F04FF9FEF714
:1079300087FC0346002B7FF476AF184B4FF0805244
:107940001A60BFF34F8FBFF36F8F6CE7F86900F0D9
:107950003DF9FEF775FC66E7F86900F037F9FEF7C8
:107960006FFCF86900F084F90346002B3FF45BAF2D
:107970003B6A002B0DD000F09BFFF86900F07EF809
:107980007861FB699B6879691846FFF713FB00F083
:10799000A9FF002318462837BD4680BD04ED00E04E
:1079A00080B58EB000AFF860B9607A60FB683B6369
:1079B000EFF311824FF0500383F31188BFF36F8F01
:1079C000BFF34F8FFA61BB61FB69FB623B6B9B6B43
:1079D000BB62BB6A002B37D03B6B93F8443087F80F
:1079E0002730B968386B00F0CBF8BB6A5A1E3B6B86
:1079F0009A6397F92730B3F1FF3F12D13B6B1B69B4
:107A0000002B1ED03B6B10331846FEF71FFF0346BA
:107A1000002B16D07B68002B13D07B6801221A60E4
:107A20000FE0FEF717FD386297F927303A6A9A425D
:107A300007D997F827300133DBB25AB23B6B83F892
:107A4000442001237B6301E000237B63FB6A7B61AD
:107A50007B6983F3118800BF7B6B18463837BD46BE
:107A600080BD80B584B000AF78607B68FB60F8684B
:107A700001F07EF800BF1037BD4680BD80B485B0F0
:107A800000AF78607B685B6A002B06D07B681B6B5D
:107A90001B68C3F13803FB6001E00023FB60FB6857
:107AA00018461437BD465DF8047B704780B586B034
:107AB00000AFF860B9607A6000237B61FB689B6B64
:107AC0003B61FB681B6C002B0DD1FB681B68002B16
:107AD0004DD1FB689B681846FFF7F6F97861FB68A3
:107AE00000229A6043E07B68002B19D1FB6858683C
:107AF000FB681B6C1A46B96802F068F8FB685A68A4
:107B0000FB681B6C1A44FB685A60FB685A68FB6888
:107B10009B689A422BD3FB681A68FB685A6026E080
:107B2000FB68D868FB681B6C1A46B96802F04EF80F
:107B3000FB68DA68FB681B6C5B421A44FB68DA601E
:107B4000FB68DA68FB681B689A4207D2FB689A6890
:107B5000FB681B6C5B421A44FB68DA607B68022B93
:107B600005D13B69002B02D03B69013B3B613B697E
:107B70005A1CFB689A637B6918461837BD4680BD5E
:107B800080B582B000AF786039607B681B6C002BD9
:107B900018D07B68DA687B681B6C1A447B68DA60F3
:107BA0007B68DA687B689B689A4203D37B681A68B3
:107BB0007B68DA607B68D9687B681B6C1A4638681A
:107BC00002F004F800BF0837BD4680BD80B584B020
:107BD00000AF786000F06CFE7B6893F84530FB7373
:107BE00011E07B685B6A002B12D07B682433184657
:107BF000FEF72CFE0346002B01D0FEF7F7FFFB7BC0
:107C0000013BDBB2FB7397F90F30002BE9DC00E09E
:107C100000BF7B68FF2283F8452000F063FE00F080
:107C200047FE7B6893F84430BB7311E07B681B69A7
:107C3000002B12D07B6810331846FEF707FE034670
:107C4000002B01D0FEF7D2FFBB7B013BDBB2BB7345
:107C500097F90E30002BE9DC00E000BF7B68FF22C3
:107C600083F8442000F03EFE00BF1037BD4680BDC3
:107C700080B584B000AF786000F01AFE7B689B6B23
:107C8000002B02D10123FB6001E00023FB6000F028
:107C900029FEFB6818461037BD4680BD80B584B00C
:107CA00000AF786000F004FE7B689A6B7B68DB6B4A
:107CB0009A4202D10123FB6001E00023FB6000F047
:107CC00011FEFB6818461037BD4680BD80B586B0F2
:107CD00000AFF860B9607A60FB687B6100F0E8FD96
:107CE0007B6993F844305BB2B3F1FF3F03D17B690A
:107CF000002283F844207B6993F845305BB2B3F1EE
:107D0000FF3F03D17B69002283F8452000F0EAFDA4
:107D10007B699B6B002B06D17B6924337A68B96839
:107D20001846FEF75BFD7869FFF750FF00BF183774
:107D3000BD4680BD80B483B000AF78607B6803F13E
:107D400008027B685A607B684FF0FF329A607B685C
:107D500003F108027B68DA607B6803F108027B6844
:107D60001A617B6800221A6000BF0C37BD465DF8BF
:107D7000047B704780B483B000AF78607B680022DA
:107D80001A6100BF0C37BD465DF8047B704780B4B4
:107D900085B000AF786039603B681B68BB60BB682A
:107DA000B3F1FF3F03D17B681B69FB600CE07B688C
:107DB0000833FB6002E0FB685B68FB60FB685B68A4
:107DC0001B68BA689A42F6D2FB685A683B685A60E8
:107DD0003B685B683A689A603B68FA689A60FB683F
:107DE0003A685A603B687A681A617B681B685A1C5B
:107DF0007B681A6000BF1437BD465DF8047B70478E
:107E000080B485B000AF78607B681B69FB607B68DD
:107E10005B687A6892689A607B689B687A68526847
:107E20005A60FB685B687A689A4203D17B689A68FB
:107E3000FB685A607B6800221A61FB681B685A1E47
:107E4000FB681A60FB681B6818461437BD465DF86E
:107E5000047B704780B584B002AF00237B6000F0E4
:107E6000C9FA0A4B1B68002B0BD0094B0193022364
:107E7000009300234FF4807206490748FDF7F6FF90
:107E800078607B6818460837BD4680BDE414002042
:107E9000E8140020E8A400084980000880B588B0F4
:107EA00002AFF860B9607A603B602C2000F0AEFD54
:107EB00078617B69002B0DD07B69002283F8282034
:107EC0007B6901933B6A00933B687A68B968F868FC
:107ED00000F005F87B6918461837BD4680BD80B5AF
:107EE00084B000AFF860B9607A603B6000F082FA5D
:107EF000FB69FA681A60FB69BA689A61FB693A68BB
:107F0000DA61FB69BA691A62FB6904331846FFF744
:107F100031FF7B68002B08D0FB6993F8283043F0D1
:107F20000403DAB2FB6983F8282000BF1037BD468E
:107F300080BD000080B58AB000AFF860B9607A609B
:107F40003B6000237B62164B1B68002B23D0FB6831
:107F5000002B20D0BB687B617B68BB61FB68FB6149
:107F6000BB68052B17DCFEF7FFFE0346022B09D189
:107F70000B4B186807F1140100233A6BFFF73AFA2C
:107F8000786208E0064B186807F11401002300220C
:107F9000FFF730FA78627B6A18462837BD4680BD05
:107FA000E414002080B584B000AFF860B9607A6056
:107FB00008E0FB689B69BA681344BB60FB681B6AF6
:107FC000F8689847FB689A69BB68D118BB687A68FB
:107FD000F86800F0DFF80346002BEAD100BF00BFCD
:107FE0001037BD4680BD000080B584B000AF78601A
:107FF0003960144B1B68DB68DB68FB60FB6804338B
:108000001846FFF7FDFEFB6893F8283003F00403E1
:10801000002B05D03A687968F868FFF7C3FF08E0DD
:10802000FB6893F8283023F00103DAB2FB6883F889
:108030002820FB681B6AF868984700BF1037BD46C8
:1080400080BD00BFDC14002080B584B000AF786034
:1080500007F10803184600F059F8F860BB681946A4
:10806000F86800F005F800F0D7F800BFF0E700006E
:1080700080B584B000AF78603960FEF7D3F807F1BF
:108080000803184600F066F8F860BB68002B30D192
:108090003B68002B0AD17A68FB689A4206D8FEF743
:1080A000CFF8F9687868FFF79FFF24E03B68002B62
:1080B00008D0134B1B681B68002B01D1012300E083
:1080C00000233B600F4B18687A68FB68D31A3A6844
:1080D0001946FFF7FBFDFEF7B3F80346002B0AD164
:1080E000094B4FF080521A60BFF34F8FBFF36F8F71
:1080F00001E0FEF7A5F800BF1037BD4680BD00BF08
:10810000E0140020E414002004ED00E080B485B009
:1081100000AF78600E4B1B681B68002B01D1012259
:1081200000E000227B681A607B681B68002B05D189
:10813000074B1B68DB681B68FB6001E00023FB60EA
:10814000FB6818461437BD465DF8047B704700BFD6
:10815000DC14002080B584B000AF7860FEF76AF9C7
:10816000F8600B4B1B68FA689A4205D200F01CF9C4
:108170007B6801221A6002E07B6800221A60044AD0
:10818000FB681360FB6818461037BD4680BD00BF12
:10819000EC14002080B586B000AFF860B9607A605A
:1081A0003B6000237B61FB68BA685A60FB68FA6831
:1081B0001A61BA687B689A4212D87A683B68D21A08
:1081C000FB689B699A4202D301237B611BE0104B41
:1081D0001A68FB68043319461046FFF7D8FD12E011
:1081E0007A683B689A4206D2BA683B689A4202D3E0
:1081F00001237B6107E0074B1A68FB6804331946CB
:108200001046FFF7C4FD7B6918461837BD4680BD90
:10821000E0140020DC14002080B588B000AF3B1DC6
:1082200000221A605A609A60DA60ABE07B68002B2B
:108230000ADA3B1D0433FB61FB691B68FA6950686D
:10824000FA699268114698477B68002BC0F29A80C1
:10825000FB68BB61BB69002B00F09480BB695B6964
:10826000002B04D0BB6904331846FFF7C9FD3B4619
:108270001846FFF76FFF78617B68013B082B7ED8BB
:1082800001A252F823F000BFAD820008AD820008C1
:10829000158300082983000855830008AD82000873
:1082A000AD8200081583000829830008BB6993F894
:1082B000283043F00103DAB2BB6983F82820BA689A
:1082C000BB699B69D118BB687A69B869FFF762FF1F
:1082D0000346002B55D0BB6993F8283003F0040304
:1082E000002B09D0BA68BB699B6913447A691946A7
:1082F000B869FFF757FE08E0BB6993F8283023F010
:108300000103DAB2BB6983F82820BB691B6AB8692C
:10831000984736E0BB6993F8283023F00103DAB2BE
:10832000BB6983F828202DE0BB6993F8283043F01F
:108330000103DAB2BB6983F82820BA68BB699A6185
:10834000BB699A697B69D1187B697A69B869FFF75B
:1083500021FF17E0BB6993F8283003F00203002BDC
:1083600003D1B86900F004FC0CE0BB6993F8283035
:1083700023F00103DAB2BB6983F8282002E000BFD2
:1083800000E000BF074B1B68391D00221846FFF7AD
:108390009DF90346002B7FF449AF00BF00BF203793
:1083A000BD4680BDE414002080B582B000AF09E076
:1083B0000E4B1B68DB681B683B604FF0FF31386871
:1083C000FFF712FE094B1B681B68002BF0D1074B0F
:1083D0001B687B60064B1B68044A1360044A7B6879
:1083E000136000BF0837BD4680BD00BFDC1400200D
:1083F000E014002080B500AF00F05AFA0D4B1B6866
:10840000002B13D10C48FFF795FC0C48FFF792FCAA
:108410000B4B094A1A600B4B084A1A6000221021C4
:108420000820FEF765FF0346024A136000F05AFA7F
:1084300000BF80BDE4140020B4140020C814002044
:10844000DC140020E014002080B584B000AF786018
:108450007B68FB6000F02CFAFB68DB69BB6000F016
:1084600041FABB6818461037BD4680BD80B58AB05A
:1084700000AFF860B9607A603B606FF001037B6128
:10848000FB68BB61BB68FB617B683B62064B18689D
:1084900007F1140100233A68FFF756F878627B6A07
:1084A00018462837BD4680BDE414002080B582B050
:1084B00000AF1C2000F0AAFA78607B68002B07D080
:1084C0007B6800221A607B6804331846FFF732FC91
:1084D0007B6818460837BD4680BD000080B58CB06B
:1084E00000AFF860B9607A603B60FB687B62002394
:1084F000BB6200233B62FDF795FE7B6A1B68FB6154
:108500003A68B968F86900F0EFF8B861BB69002B08
:108510000ED0FB69FB620023BB637B68002B28D075
:108520007B6A1A68BB68DB431A407B6A1A6020E0EA
:10853000BB6B002B04D1FB69FB6201233B6218E09B
:108540007B68002B03D0BB6A43F08073BB623B683F
:10855000002B03D0BB6A43F08063BB627B6A181DAB
:10856000BA68BB6A1343BA6B1946FEF7FFF80023DB
:10857000FB62FDF765FE7861BB6B002B31D07B6938
:10858000002B07D1194B4FF080521A60BFF34F8F69
:10859000BFF36F8FFEF798FDF862FB6A03F000737C
:1085A000002B1AD100F084F97B6A1B68FB623A68E1
:1085B000B968F86A00F098F80346002B09D07B6888
:1085C000002B06D07B6A1A68BB68DB431A407B6AC3
:1085D0001A6001233B6200F085F9FB6A23F07F43B8
:1085E000FB62FB6A18463037BD4680BD04ED00E0F3
:1085F00080B58CB000AF786039600023BB627B68C7
:108600003B6200237B623B6A0433FB61FB690833F6
:10861000BB61FDF707FEFB69DB68FB623B6A1A681A
:108620003B681A433B6A1A603CE0FB6A5B683B614B
:10863000FB6A1B68FB6000237B62FB6803F07F43DF
:10864000BB60FB6823F07F43FB60BB6803F0806383
:10865000002B08D13B6A1A68FB681340002B0BD033
:1086600001237B6208E03B6A1A68FB681340FA68E2
:108670009A4201D101237B627B6A002B10D0BB6838
:1086800003F08073002B03D0BA6AFB681343BB620C
:108690003B6A1B6843F000731946F86AFEF7A2F9BB
:1086A0003B69FB62FA6ABB699A42BED13B6A1A68AF
:1086B000BB6ADB431A403B6A1A603B6A1B687B61FA
:1086C000FDF7BEFD7B6918463037BD4680BD80B5DD
:1086D00082B000AF7860396039687868FFF788FF4A
:1086E00000BF0837BD4680BD80B487B000AFF860DA
:1086F000B9607A6000237B617B68002B07D1FA6840
:10870000BB681340002B0AD001237B6107E0FA68A5
:10871000BB681340BA689A4201D101237B617B692F
:1087200018461C37BD465DF8047B704780B586B09F
:1087300000AFF860B9607A607B68BA68F96804488D
:10874000FFF794FE78617B6918461837BD4680BDF7
:10875000CF86000880B485B000AFF860B9607A6059
:10876000FB68043BFB60FB684FF080721A60FB689B
:10877000043BFB60BB6823F00102FB681A60FB68E6
:10878000043BFB600C4AFB681A60FB68143BFB600F
:108790007A68FB681A60FB68043BFB60FB686FF05B
:1087A00002021A60FB68203BFB60FB681846143726
:1087B000BD465DF8047B7047BD87000880B483B078
:1087C00000AF00233B604FF0500383F31188BFF3E9
:1087D0006F8FBFF34F8F7B6000BF00BF3B68002BE4
:1087E000FCD000BF00BF0C37BD465DF8047B70476E
:1087F000064B19680868B0E8F04F80F30988BFF3AA
:108800006F8F4FF0000080F311887047B40F002085
:1088100000BF00BF08480068006880F308884FF078
:10882000000080F3148862B661B6BFF34F8FBFF3C8
:108830006F8F00DF00BF000008ED00E000BF00BF49
:1088400080B582B000AF154B1B687B60144B1B6872
:10885000134A43F47F031360114B1B68104A43F023
:108860007F4313600F4B00221A6000F0A7F80E4BF5
:1088700000221A6000F0BEF80C4B1B680B4A43F054
:1088800040431360FFF7C6FFFDF7FAFEFFF796FFC0
:10889000002318460837BD4680BD00BF08ED00E044
:1088A00020ED00E01CED00E0E402002034EF00E0E9
:1088B00080B483B000AF4FF0500383F31188BFF34F
:1088C0006F8FBFF34F8F7B6000BF054B1B68013379
:1088D000034A136000BF0C37BD465DF8047B704748
:1088E000E402002080B483B000AF0A4B1B68013B58
:1088F000084A1360074B1B68002B05D100237B60DF
:108900007B6883F3118800BF00BF0C37BD465DF85C
:10891000047B7047E4020020EFF30980BFF36F8F00
:10892000134B1A681EF0100F08BF20ED108A20E9C3
:10893000F04F106009B44FF0500080F31188BFF37E
:108940004F8FBFF36F8FFDF79BFE4FF0000080F35A
:10895000118809BC19680868B0E8F04F1EF0100FC4
:1089600008BFB0EC108A80F30988BFF36F8F70479F
:10897000B40F002000BF00BF80B582B000AF4FF041
:10898000500383F31188BFF36F8FBFF34F8F7B606A
:1089900000BFFDF76BFD0346002B03D0064B4FF0E5
:1089A00080521A6000233B603B6883F3118800BF4C
:1089B00000BF0837BD4680BD04ED00E080B400AFC5
:1089C000084B00221A60084B00221A60074B084A25
:1089D0001A60044B07221A6000BFBD465DF8047B95
:1089E000704700BF10E000E018E000E014E000E095
:1089F000BFD40100DFF80C00016841F47001016090
:108A00007047000088ED00E000BF00BF80B588B06F
:108A100000AF786000237B6100233B617B68002B03
:108A200022D00823DB437A689A421BD808227B684D
:108A300013447B607B6803F00703002B14D07B6832
:108A400003F00703C3F10803FB60FB68DB437A68AC
:108A50009A4204D87A68FB6813447B6004E00023E0
:108A60007B6001E000237B60FDF7DCFB3B4B1B6878
:108A7000002B01D100F0B6F87B68002B67DB7B6828
:108A8000002B64D0364B1B687A689A425FD8354B0E
:108A9000BB61344B1B68FB6104E0FB69BB61FB6994
:108AA0001B68FB61FB695B687A689A4203D9FB69C2
:108AB0001B68002BF1D1294B1B68FA699A4246D0FA
:108AC000BB691B68082213447B61FB691A68BB6998
:108AD0001A60FB695A687B68D21A08235B009A42C5
:108AE00013D9FA697B681344BB60FB695A687B68D9
:108AF000D21ABB685A60FB697A685A60BB691A6807
:108B0000BB681A60BB69BA681A60154B1A68FB69C2
:108B10005B68D31A124A1360114B1A68124B1B6818
:108B20009A4203D20E4B1B680F4A1360FB695B68C5
:108B30003B61FB695B6843F00042FB695A60FB697B
:108B400000221A60094B1B680133084A1360FDF7C5
:108B500077FB7B6918462037BD4680BDF86400204E
:108B6000FC640020F0640020006500200465002003
:108B700080B584B000AF78607B68FB607B68002BB9
:108B800027D008235B42FA681344FB60FB68BB6094
:108B9000BB685B68002B1CDABB681B68002B18D114
:108BA000BB685B6823F00042BB685A60FDF73AFB84
:108BB000BB685A68094B1B681344084A1360B868BD
:108BC00000F06AF8064B1B680133054A1360FDF795
:108BD00037FB00BF1037BD4680BD00BFFC640020DE
:108BE0000865002080B485B000AF4FF4A043BB609F
:108BF000244BFB60FB6803F00703002B0CD0FB68E1
:108C00000733FB60FB6823F00703FB60BA68FB686F
:108C1000D31A1C4A1344BB60FB681B4A13601A4BEF
:108C200000225A60FA68BB6813447B6008227B68A4
:108C30009B1A7B607B6823F007037B607B68134A89
:108C40001360124B1B6800225A60104B1B680022F5
:108C50001A60FB683B603B687A68D21A3B685A60CE
:108C60000A4B1A683B681A603B685B68084A1360E5
:108C70003B685B68074A136000BF1437BD465DF868
:108C8000047B7047F0140020F0640020F86400209A
:108C900000650020FC64002080B485B000AF7860DF
:108CA000284BFB6002E0FB681B68FB60FB681B68ED
:108CB0007A689A42F7D8FB68BB60FB685B68BA6861
:108CC00013447A689A4208D1FB685A687B685B68EB
:108CD0001A44FB685A60FB687B607B68BB607B68FA
:108CE0005B68BA681A44FB681B689A4218D1FB6833
:108CF0001A68154B1B689A420DD07B685A68FB684E
:108D00001B685B681A447B685A60FB681B681A68BA
:108D10007B681A6008E00C4B1A687B681A6003E0F5
:108D2000FB681A687B681A60FA687B689A4202D00E
:108D3000FB687A681A6000BF1437BD465DF8047B93
:108D4000704700BFF0640020F864002080B483B056
:108D500000AF03463960FB7197F90730002B0ADB3F
:108D60003B68DAB20C4997F907301201D2B20B44D2
:108D700083F800230AE03B68DAB20849FB7903F084
:108D80000F03043B1201D2B20B441A7600BF0C371A
:108D9000BD465DF8047B704700E100E000ED00E0B7
:108DA00080B500AF054B1B68FDF7DEFF0346012BC6
:108DB00001D0FFF7E1FD00BF80BD00BF10E000E083
:108DC00080B500AF00216FF00400FFF7BFFF00BFC8
:108DD00080BD000080B483B000AFEFF305833B603B
:108DE0003B68002B03D06FF005037B600CE00A4B5F
:108DF0001B68002B05D1084B01221A6000237B6001
:108E000002E04FF0FF337B607B6818460C37BD46AD
:108E10005DF8047B704700BF0C65002080B582B010
:108E200000AFEFF305833B603B68002B03D06FF08E
:108E300005037B6010E00B4B1B68012B09D1FFF78A
:108E4000BFFF084B02221A60FDF7B8F900237B60D0
:108E500002E04FF0FF337B607B6818460837BD4661
:108E600080BD00BF0C65002080B58CB002AFF860FB
:108E7000B9607A6000233B61EFF305837B617B6916
:108E8000002B6ED1FB68002B6BD080233B62182334
:108E9000FB6100237B624FF0FF33BB617B68002BDB
:108EA00045D07B681B68002B02D07B681B687B6207
:108EB0007B689B69002B02D07B689B69FB61FB6927
:108EC000002B08D0FB69382B05D87B685B6803F062
:108ED0000103002B01D0002344E07B685B69002B79
:108EE00003D07B685B699B083B627B689B68002BB7
:108EF0000ED07B68DB685B2B0AD97B681B69002B73
:108F000006D07B685B69002B02D00123BB6110E0B7
:108F10007B689B68002B0CD17B68DB68002B08D139
:108F20007B681B69002B04D10023BB6101E0002397
:108F3000BB61BB69012B14D0BB69002B11D13B6A0B
:108F40009BB21A4607F110030193FB690093BB68BB
:108F5000796AF868FCF78AFF0346012B01D00023E9
:108F60003B613B6918462837BD4680BD80B584B05B
:108F700000AF7860EFF30583BB60BB68002B03D0C4
:108F80006FF00503FB6007E00023FB607B68002BAC
:108F900002D07868FDF798F8FB6818461037BD4690
:108FA00080BD80B584B000AF78607868FFF74CFA78
:108FB000F860FB68002B05D0FB681B68FA685268F4
:108FC0001046984700BF1037BD4680BD80B58CB0B5
:108FD00002AFF8607A603B600B46FB7200233B6295
:108FE000EFF305833B613B69002B56D1FB68002BF7
:108FF00053D00820FFF70AFD78617B69002B4CD025
:109000007B69FA681A607B697A685A60FB7A002B80
:1090100002D10023FB6101E00123FB614FF0FF332C
:10902000BB6100237B623B68002B1CD03B681B6844
:10903000002B02D03B681B687B623B689B68002B5F
:1090400006D03B68DB682B2B02D90123BB610CE007
:109050003B689B68002B08D13B68DB68002B04D180
:109060000023BB6101E00023BB61BB69012B0BD076
:10907000BB69002B08D1FA690A4B00937B69012177
:10908000786AFEF70BFF38623B6A002B05D17B69DB
:10909000002B02D07869FFF76BFD3B6A1846283732
:1090A000BD4680BDA38F000880B588B002AF786050
:1090B00039607B683B61EFF30583FB60FB68002B45
:1090C00003D06FF005037B6117E03B69002B03D1F0
:1090D0006FF003037B6110E00023009300233A68E4
:1090E00004213869FEF726FF0346012B02D1002335
:1090F0007B6102E06FF002037B617B6918461837E1
:10910000BD4680BD80B586B000AF786000237B612E
:10911000EFF30583FB60FB68002B26D14FF0FF3394
:109120003B617B68002B15D07B689B68002B06D0C9
:109130007B68DB681B2B02D901233B610CE07B6859
:109140009B68002B08D17B68DB68002B04D10023CF
:109150003B6101E000233B613B69012B05D03B698A
:10916000002B02D1FFF7A2F978617B691846183706
:10917000BD4680BD80B586B000AF786039607B6841
:109180003B613B69002B03D03B68B3F1807F03D385
:109190006FF003037B6128E0EFF30583FB60FB685E
:1091A000002B1DD00023BB6007F108031A46396865
:1091B0003869FFF7BBFA0346002B03D16FF00203B7
:1091C0007B6112E03B687B61BB68002B0DD0094BD3
:1091D0004FF080521A60BFF34F8FBFF36F8F04E0E0
:1091E00039683869FFF704FA78617B6918461837DF
:1091F000BD4680BD04ED00E080B58CB002AFF860E4
:10920000B9607A603B60FB68BB61BB69002B03D02F
:10921000BB68B3F1807F03D36FF00303FB614BE0C6
:10922000EFF305837B617B69002B03D06FF00503AF
:10923000FB6141E07B6803F00103002B02D00123B6
:109240007B6201E000237B627B6803F00203002B5A
:1092500002D000233B6201E001233B623B680093A4
:109260007B6A3A6AB968B869FFF738F9F8617B68D0
:1092700003F00103002B10D0BA68FB691340BA68F1
:109280009A4219D03B68002B03D06FF00103FB61B9
:1092900012E06FF00203FB610EE0BA68FB69134055
:1092A000002B09D13B68002B03D06FF00103FB6159
:1092B00002E06FF00203FB61FB6918462837BD46E8
:1092C00080BD80B588B000AFF860B9607A600023D7
:1092D000FB61EFF305837B617B69002B51D1FB6858
:1092E000002B4ED0BA68FB689A424AD84FF0FF3341
:1092F000BB617B68002B15D07B689B68002B06D078
:109300007B68DB684F2B02D90123BB610CE07B68D3
:109310009B68002B08D17B68DB68002B04D10023FD
:10932000BB6101E00023BB61BB69B3F1FF3F28D003
:10933000FB68012B1DD1BB69012B05D00322002145
:109340000120FDF7D5FFF861FB69002B19D0BB6840
:10935000002B16D0002300220021F869FEF74AF8FE
:109360000346012B0DD0F869FEF77BFB0023FB6160
:1093700007E0BB69012B04D0B968F868FEF71AF85A
:10938000F861FB6918462037BD4680BD80B586B0C0
:1093900000AF786039607B683B6100237B613B698B
:1093A000002B03D16FF003037B6139E0EFF30583FA
:1093B000FB60FB68002B22D03B68002B03D06FF0D2
:1093C00003037B612CE00023BB6007F108031A460E
:1093D00000213869FEF7E4FA0346012B03D06FF051
:1093E00002037B611CE0BB68002B19D00F4B4FF0D0
:1093F00080521A60BFF34F8FBFF36F8F10E0396850
:109400003869FEF705FA0346012B09D03B68002BAB
:1094100003D06FF001037B6102E06FF002037B6118
:109420007B6918461837BD4680BD00BF04ED00E0DB
:1094300080B586B000AF78607B683B6100237B61BC
:109440003B69002B03D16FF003037B612CE0EFF34A
:109450000583FB60FB68002B1AD00023BB6007F17B
:10946000080319463869FEF7D4F80346012B03D0E8
:109470006FF002037B6117E0BB68002B14D00D4B2B
:109480004FF080521A60BFF34F8FBFF36F8F0BE026
:109490000023002200213869FDF7ACFF0346012BB1
:1094A00002D06FF002037B617B6918461837BD4616
:1094B00080BD00BF04ED00E080B588B000AFF8606B
:1094C000B9607A600023FB61EFF305837B617B6900
:1094D000002B43D1FB68002B40D0BB68002B3DD054
:1094E0004FF0FF33BB617B68002B29D07B689B6802
:1094F000002B12D07B68DB684F2B0ED97B681B6971
:10950000002B0AD07B685A69FB68B96801FB03F33A
:109510009A4202D30123BB6114E07B689B68002B55
:1095200010D17B68DB68002B0CD17B681B69002B9A
:1095300008D17B685B69002B04D10023BB6101E08B
:109540000023BB61BB69012B08D0BB69002B05D18F
:109550000022B968F868FDF7CBFEF861FB69184690
:109560002037BD4680BD000080B588B000AFF860F0
:10957000B9603B601346FB71FB68BB610023FB6174
:10958000EFF305837B617B69002B28D0BB69002B3F
:1095900005D0BB68002B02D03B68002B03D06FF0D6
:1095A0000303FB6138E000233B6107F11002002355
:1095B000B968B869FDF7C8FF0346012B03D06FF007
:1095C0000203FB6128E03B69002B25D0154B4FF0CF
:1095D00080521A60BFF34F8FBFF36F8F1CE0BB69DF
:1095E000002B02D0BB68002B03D16FF00303FB619B
:1095F00012E000233A68B968B869FDF7FBFE03463C
:10960000012B09D03B68002B03D06FF00103FB61F5
:1096100002E06FF00203FB61FB6918462037BD468C
:1096200080BD00BF04ED00E080B588B000AFF860F9
:10963000B9607A603B60FB68BB610023FB61EFF3BC
:1096400005837B617B69002B28D0BB69002B05D08B
:10965000BB68002B02D03B68002B03D06FF00303E4
:10966000FB6137E000233B6107F110031A46B9683C
:10967000B869FEF795F90346012B03D06FF002039A
:10968000FB6127E03B69002B24D0154B4FF0805243
:109690001A60BFF34F8FBFF36F8F1BE0BB69002BC6
:1096A00002D0BB68002B03D16FF00303FB6111E014
:1096B0003A68B968B869FEF709F80346012B09D082
:1096C0003B68002B03D06FF00103FB6102E06FF0F9
:1096D0000203FB61FB6918462037BD4680BD00BF11
:1096E00004ED00E080B582B000AF7860044B1B68E9
:1096F0001846FFF79DFE00BF0837BD4680BD00BF7E
:109700002865002080B582B000AF78600B4B1B68E5
:109710004FF0FF311846FFF739FE0948F7F710FE02
:1097200008490748F7F71CFF02210648F8F72AF90D
:109730000120FFF71BFC00BFE8E700BF2865002001
:10974000080000206403002080B584B000AF78607A
:10975000214B186807F10F014FF0FF330022FFF78C
:1097600063FFFB7B013B032B30D801A252F823F0AF
:1097700081970008A9970008B1970008BF970008D3
:10978000164B1B7D0133DAB2144B1A75134B1A7D3D
:10979000134BA3FB021359080B465B000B44D31A6F
:1097A000DAB20E4B1A7512E00C48F7F797FD0EE08F
:1097B0000C4B1B6804211846FFF7DCFC07E0094B43
:1097C0001B6808211846FFF7D5FC00E000BF0A20FF
:1097D000FFF7CCFBBCE700BF246500200800002099
:1097E000ABAAAAAA2C65002080B582B000AF786031
:1097F0000348F7F73BFEC820FFF7B8FB00BFF7E7C9
:1098000008000020F0B591B008AF786139610023FD
:10981000FB834548F8F772F90220FFF7A7FB43489E
:10982000F8F76CF90220FFF7A1FBB7F91E207B695E
:1098300053F82230FB603B691B7D03F1010CB7F943
:109840001E207B6902F5967253F82220BA60B7F9A0
:109850001E207B6902F5C87233F812307B60B7F9BD
:109860001E207B6902F5FA7253F822307A69D2F829
:10987000F82A7969D1F8FC1A7869D0F8F00A7C697D
:10988000D4F8F44A7D69D5F8005B7E69D6F8046B9C
:1098900007960695059404900391029201937868C7
:1098A0000090BB686246F9682148F8F727F9022062
:1098B000FFF75CFB0123FB832DE0B7F91E207B69DA
:1098C00053F822103B691B7D581CB7F91E207B6999
:1098D00002F5967253F82240B7F91E207B6902F513
:1098E000C87233F812301D46B7F91E207B6902F5A5
:1098F000FA7253F8223001930095234602460D4830
:10990000F8F7FCF80220FFF731FBB7F91E309BB2E5
:1099100001339BB2FB83B7F91E30C72BCDDD00BFEF
:1099200000BF2437BD46F0BDF0A4000828A50008FC
:1099300054A5000878A5000880B584B000AF786011
:109940000F4B18684FF0FF3300220C21FFF754FC37
:109950000346FB73FB7B03F00403002B03D0094990
:109960000948FFF74FFFFB7B03F00803002B03D0F0
:1099700004490548FFF746FF0120FFF7F7FADFE744
:109980002C650020080000206403002080B500AF93
:10999000002201210120FFF78FFD0346204A1360BA
:1099A000002200210120FFF78CFC03461D4A1360B2
:1099B0000020FFF7A7FB03461B4A13601B4A002148
:1099C0001B48FFF751FA03461A4A13601A4A00214E
:1099D0001A48FFF749FA0346194A1360194A002149
:1099E0001948FFF741FA0346184A1360184A002144
:1099F0001848FFF739FA0346174A1360002300227C
:109A000001211648FFF7E2FA0346154A1360144B8A
:109A10001B680A211846FFF747FB00BF80BD00BF47
:109A200024650020286500202C650020CCAB0008B0
:109A30004997000818650020F0AB0008E997000876
:109A40001C650020A8AB00080597000814650020DD
:109A500014AC00083999000820650020E59600083C
:109A6000106500200CB430B5184B0C1E1D689DB05D
:109A700008DA8B232B604FF0FF301DB0BDE830407B
:109A800002B070474FF40273ADF814304FF000038A
:109A90001B9314BF04F1FF332346049307934FF63F
:109AA000FF7302900690ADF81630209A21AB02A900
:109AB0002846019300F0F0F9431CBCBF8B232B60B8
:109AC000002CDAD0029B00221A70D6E7E8020020B0
:109AD00030B51446002C9BB005461A4605DA8B2398
:109AE00003604FF0FF301BB030BD4FF40273ADF890
:109AF0000C304FF00003199314BF04F1FF332346D9
:109B0000029305934FF6FF7300910491ADF80E3068
:109B100069461E9B00F0C0F9431CBCBF8B232B6021
:109B2000002CE0D0009B00221A70DCE707B5009300
:109B300013460A46014603480068FFF7C9FF03B011
:109B400000BD00BFE802002002440346934200D15A
:109B5000704703F8011BF9E710B50139034632B12C
:109B600011F8014F03F8014B013A002CF7D11A44C8
:109B70000021934200D110BD03F8011BF9E700005A
:109B800070B50D4B0D4D5B1B9C100026A64209D1F4
:109B900000F06EFC0A4D0B4B5B1B9C100026A6428E
:109BA00005D170BD55F8043B98470136EEE755F8EE
:109BB000043B98470136F2E774AC000874AC000827
:109BC00074AC000878AC0008704770470A449142B2
:109BD00000F1FF3300D1704710B511F8014B03F8C5
:109BE000014F9142F9D110BD38B50546002941D049
:109BF00051F8043C0C1F002BB8BFE41800F0E0F84B
:109C00001D4A136833B9636014602846BDE83840C4
:109C100000F0DCB8A34208D9206821188B4201BFAC
:109C200019685B6809182160EDE71A465B680BB19B
:109C3000A342FAD911685018A0420BD12068014400
:109C4000501883421160E0D118685B685360084483
:109C50001060DAE702D90C232B60D6E720682118C0
:109C60008B4204BF19685B68636004BF09182160F8
:109C70005460CAE738BD00BF7466002070B50F4E4F
:109C80000C463168054611B900F0ACFB3060214646
:109C9000284600F0A7FB431C03D14FF0FF342046B9
:109CA00070BDC41C24F00304A042F8D0211A284639
:109CB00000F098FB0130F2D1EFE700BF70660020A2
:109CC0002DE9F843CD1C25F0030508350C2D38BFD0
:109CD0000C25002D064601DBA94204D90C23336074
:109CE0000020BDE8F883DFF8D48000F069F8D8F8E8
:109CF00000301C4644BB29463046FFF7BFFF431CDB
:109D0000044658D1D8F800402746002F43D1002CF4
:109D10004BD023683946304604EB030900F062FB60
:109D2000814542D121686D1A29463046FFF7A6FFCA
:109D300001303AD023682B442360D8F800305A68A9
:109D400062BBC8F800700FE02268521B20D40B2AB7
:109D500017D96119A342256018BF5960636808BF0D
:109D6000C8F8001062514B60304600F02FF804F143
:109D70000B00231D20F00700C21A1CBF1B1AA350A2
:109D8000AFE76268A3420CBFC8F800205A60EBE757
:109D900023466468AEE73C467F68B6E71A465B68D0
:109DA000A342FBD100235360DEE70C23336030462F
:109DB00000F00CF894E70560D6E700BF7466002059
:109DC0000148FFF701BF00BF6C6600200148FFF7A4
:109DD000FCBE00BF6C6600202DE9F0478E681F4670
:109DE000BE4282460C469046334653D8B1F90C0029
:109DF00010F4906F2BD065692368096905EB450560
:109E0000A3EB010905EBD5757B1C6D104B44AB42F0
:109E10002A4684BF1D462A46430527D5114650468B
:109E2000FFF74EFF064658B321694A46FFF7CEFEBC
:109E3000A38923F4906343F08003A38126616561C5
:109E40004E44A5EB09052660A5603E463B461F46ED
:109E500020683A46414600F0ABFAA3689B1BA3601A
:109E600023683B4423600020BDE8F087504600F0A3
:109E7000C9FA06460028E1D121695046FFF7B4FE31
:109E80000C23CAF80030A38943F04003A3814FF0AC
:109E9000FF30E9E73E46DBE72DE9F0471F468B89B7
:109EA0001B069CB006460D46144610D50B6973B9C7
:109EB0004021FFF705FF2860286130B90C2333608B
:109EC0004FF0FF301CB0BDE8F08740236B610023EA
:109ED000099320238DF8293003973023654F8DF89F
:109EE0002A304FF001082346994613F8012B0AB196
:109EF000252AF9D1B9EB040A0BD05346224629464C
:109F00003046FFF769FF013000F0A480099A5244FF
:109F1000099299F80030002B00F09C8000234FF04C
:109F2000FF32CDE9052309F10109049307938DF868
:109F300053301A934C464F4814F8011B0522F6F78C
:109F4000FFFA049BD0B9D80644BF20228DF85320D5
:109F5000190744BF2B228DF8532099F800202A2A94
:109F600013D0079A4C4600204FF00A0C214611F8F6
:109F7000013B303B092B49D968B913E0C01B08FAF3
:109F800000F018430490A146D4E7039A111D12680B
:109F90000391002A01DB079204E0524243F00203DE
:109FA0000792049323782E2B0AD163782A2B32D17F
:109FB000039B1A1D1B68039243EAE3730234059363
:109FC000DFF8C090217803224846F6F7B9FA38B195
:109FD000049BA0EB09004022824013430134049308
:109FE00014F8011B24488DF828100622F6F7A8FA69
:109FF000002835D0214818BB039B073323F0070303
:10A0000008330393099B034409936CE70CFB02326A
:10A010000C460120AAE700230134059319464FF0AE
:10A020000A0C204610F8012B303A092A03D9002BDC
:10A03000C6D00591C4E70CFB012104460123F0E7DB
:10A0400003AB00932A460E4B04A93046AFF30080C1
:10A05000421CD7D1AB895B063FF532AF099831E797
:10A0600003AB00932A46064B04A9304600F07AF869
:10A07000EEE700BF38AC000842AC0008000000006A
:10A08000D99D00083EAC00082DE9F04716469846D9
:10A090008A680B69DDF820909342B8BF134633609D
:10A0A00091F8432007460C460AB101333360236818
:10A0B000990642BF336802333360256815F0060500
:10A0C00006D104F1190AE36832689B1AAB4226DC18
:10A0D00094F843302268003B18BF012392062BD42A
:10A0E00004F1430241463846C84701301ED0236878
:10A0F000226903F00603042B02BFE5683368ED1AFA
:10A10000A3680CBF25EAE57500259342C4BF9B1ADE
:10A11000ED1800261A34B5421AD1002008E00123B8
:10A12000524641463846C847013003D14FF0FF3010
:10A13000BDE8F0870135C6E7E1185A1C302081F8E8
:10A140004300224494F8451082F843100233C7E7D5
:10A150000123224641463846C8470130E6D0013641
:10A16000D9E700002DE9F0430D7E85B0782D9046AB
:10A170000C9E07460C46994601F1430207D8622D12
:10A180000AD8002D00F0D780582D00F0BC8004F1D3
:10A19000420684F842503BE0A5F16303152BF6D844
:10A1A00001A151F823F000BF01A2000815A2000888
:10A1B0008FA100088FA100088FA100088FA10008BF
:10A1C00015A200088FA100088FA100088FA1000828
:10A1D0008FA100081DA300083FA20008CFA200081D
:10A1E0008FA100088FA100083FA300088FA10008DD
:10A1F0003FA200088FA100088FA10008D7A2000885
:10A2000033681A1D1B68326004F1420684F842303C
:10A210000123A1E033682068191D3160060601D5CD
:10A220001D6803E04506FBD5B3F90050002D03DAA5
:10A230002D236D4284F843305B480A2311E02168E6
:10A240003368080653F8045B02D4490648BFADB230
:10A250003360237E54486F2B5CD10823002184F89F
:10A2600043106668A660002E05DB21682E4321F0AE
:10A270000401216050D01646B5FBF3F103FB115CDD
:10A2800010F80CC006F801CDAC4663450D46F3D975
:10A29000082B0BD12368DB0708D523696168994235
:10A2A000DEBF302306F8013C06F1FF36921B226127
:10A2B000CDF80090434603AA21463846FFF7E4FE56
:10A2C00001304ED14FF0FF3005B0BDE8F083236878
:10A2D00043F0200323603548782584F845502368EF
:10A2E000316813F0800F51F8045B03D113F0400F75
:10A2F00018BFADB23160D90744BF43F020032360DB
:10A300001DB11023AAE72848E7E7236823F02003BC
:10A310002360F6E70A23A1E71646B9E73368256804
:10A320006169181D30602E061B6801D5196002E0B6
:10A330006806FBD51980002323611646B8E7336809
:10A340001A1D32601E68626800213046F6F7F8F880
:10A3500008B1801B606063682361002384F8433088
:10A36000A6E72369324641463846C8470130A9D09E
:10A3700023689B0713D4E068039B9842B8BF184634
:10A38000A2E70123324641463846C847013099D0FA
:10A390000135E36803995B1AAB42F2DCEBE7002579
:10A3A00004F11906F5E700BF49AC00085AAC0008F3
:10A3B000884210B501EB020402D98442234607D833
:10A3C000431EA14207D011F8012B03F8012FF8E733
:10A3D0000244824200D110BD13F8011D02F8011D94
:10A3E000F7E7000038B5064D0023044608462B6009
:10A3F000FAF710FE431C02D12B6803B1236038BD6D
:10A40000686600202DE9F041074614460D4621B943
:10A41000BDE8F0411146FFF753BC2AB9FFF7E4FB52
:10A4200025462846BDE8F08100F01AF88442064629
:10A4300002D8B4EB500FF4D821463846FFF740FC61
:10A44000804608B94546ECE7B4422246294628BF73
:10A450003246FFF7BBFB29463846FFF7C5FBF1E75D
:10A4600051F8043C181F002BBCBF0B58C018704794
:10A47000F8B500BFF8BC08BC9E467047F8B500BFF1
:08A48000F8BC08BC9E467047C1
:10A48800563A256C752E2530326C755620493A257A
:10A4980030336C646D4120503A2530336C756D57FC
:10A4A800204C3A256400000000C2010000000800AA
:10A4B800000000000000000001020304060708096C
:10A4C800000000000000000001020304060708095C
:10A4D800000000000102030449444C45000000004C
:10A4E800546D722053766300E697B6E997B42CE969
:10A4F800878FE7A88B2CE794B5E6B5812CE794B550
:10A50800E58E8B2CE58A9FE880972CE794B5E6B515
:10A51800814D41582CE794B5E6B5814D494E2C0044
:10A52800E794B5E58E8B4D41582CE794B5E58E8BB5
:10A538004D494E2CE58A9FE880974D41582CE58A75
:10A548009FE880974D494E0D0A00000025642C2590
:10A55800642C25642C25642C25642C25642C256406
:10A568002C25642C25642C25642C25640D0A0000F8
:10A5780025642C25642C25642C25642C25640D0A5F
:10A5880000000000696E6132323600006B657900A8
:10A598006C6364006D65737361676500000000009B
:10A5A80000000000000000000000000000000000A3
:10A5B8000000183C3C1818001818000000000000A3
:10A5C800006C6C6C28000000000000000000000017
:10A5D8006C6CFE6C6C6CFE6C6C0000000000001073
:10A5E800385450381454381000000000000000009F
:10A5F80060640810204C0C000000000000000000FF
:10A6080038444438504C447A0000000000000000F0
:10A6180018181810000000000000000000000000DA
:10A628000C1830303030180C00000000000000001A
:10A6380030180C0C0C0C1830000000000000000052
:10A6480000006C38FE386C000000000000000000BC
:10A658000010107C10100000000000000000000036
:10A66800000000000000181818100000000000008A
:10A678000000007C00000000000000000000000056
:10A688000000000000001818000000000000000092
:10A698000004081020400000000000000000000036
:10A6A800384444444444443800000000000000009A
:10A6B80010301010101010380000000000000000CA
:10A6C800384404081020407C00000000000000000E
:10A6D8003844041804044438000000000000000056
:10A6E800081828487C08080800000000000000003E
:10A6F8007C4040780404443800000000000000005A
:10A70800182040784444443800000000000000004D
:10A718007C040810204040400000000000000000B9
:10A728003844443844444438000000000000000025
:10A73800384444443C040830000000000000000095
:10A7480000181800001818000000000000000000A1
:10A758000018180000181810000000000000000081
:10A768000408102010080400000000000000000089
:10A7780000007C007C0000000000000000000000D9
:10A78800201008040810200000000000000000004D
:10A7980038440408101000100000000000000000F9
:10A7A8003844445C545C403C000000000000000059
:10A7B800102844447C444444000000000000000089
:10A7C80078444478444444780000000000000000C5
:10A7D8003844404040404438000000000000000079
:10A7E80078444444444444780000000000000000D9
:10A7F8007C4040784040407C0000000000000000A1
:10A808007C404078404040400000000000000000CC
:10A81800384440405C44443C000000000000000014
:10A828004444447C444444440000000000000000C8
:10A838003810101010101038000000000000000040
:10A848001C08080808484830000000000000000004
:10A858004448506050484444000000000000000094
:10A86800404040404040407C0000000000000000A4
:10A87800446C545444444444000000000000000068
:10A888004464544C44444444000000000000000068
:10A8980038444444444444380000000000000000A8
:10A8A8007844447840404040000000000000000028
:10A8B8003844444444544834000000000000000078
:10A8C80078444478504844440000000000000000E8
:10A8D80038444038044444380000000000000000B8
:10A8E8007C10101010101010000000000000000074
:10A8F800444444444444443800000000000000003C
:10A90800444444444428281000000000000000008B
:10A918004444444454546C440000000000000000C7
:10A92800444428101028444400000000000000009F
:10A9380044444428101010100000000000000000DB
:10A948007C0408102040407C00000000000000004B
:10A9580038202020202020380000000000000000BF
:10A968004020100804000000000000000000000063
:10A97800380808080808083800000000000000002F
:10A988001028440000000000000000000000000043
:10A9980000000000000000007C0000000000000033
:10A9A8002010080000000000000000000000000067
:10A9B800000038043C44443C000000000000000053
:10A9C80040407844444444780000000000000000FF
:10A9D80000003844404044380000000000000000F7
:10A9E80004043C444444443C0000000000000000CF
:10A9F800000038447C40443800000000000000009B
:10AA08001C202078202020200000000000000000EA
:10AA180000003C4444443C0444380000000000006A
:10AA280040407844444444440000000000000000D2
:10AA38001000301010101038000000000000000056
:10AA480008001808080808484830000000000000FE
:10AA580040404448704844440000000000000000A2
:10AA68003010101010101038000000000000000016
:10AA780000006C54545454540000000000000000BE
:10AA880000007844444444440000000000000000F2
:10AA9800000038444444443800000000000000002E
:10AAA8000000784444447840404000000000000022
:10AAB80000003C4444443C0404040000000000003E
:10AAC80000005864404040400000000000000000C2
:10AAD800000038443008443800000000000000003E
:10AAE800202078202020241800000000000000000A
:10AAF800000044444444443C0000000000000000BE
:10AB080000004444444428100000000000000000F5
:10AB18000000444454545428000000000000000081
:10AB28000000442810102844000000000000000025
:10AB38000000444444443C04443800000000000041
:10AB480000007C081020407C00000000000000008D
:10AB58000C1010201010100C000000000000000065
:10AB6800181818181818181800000000000000001D
:10AB780060101008101010600000000000000000B5
:10AB880000000000003048483000000000020000CB
:10AB9800000400000000000000060000370000006C
:10ABA8008CA5000800000000000000000000000064
:10ABB800000000000008000018000000000000006D
:10ABC8000000000094A5000800000000000000003C
:10ABD8000000000000000000000100001900000053
:10ABE800000000000000000098A500080000000018
:10ABF800000000000000000000000000000200004B
:10AC08001800000000000000000000009CA50008DB
:10AC1800000000000000000000000000000000002C
:10AC28000004000018000000000000000000000000
:10AC3800232D302B2000686C4C006566674546471D
:10AC480000303132333435363738394142434445A0
:10AC5800460030313233343536373839616263640F
:04AC6800656600001D
:08AC6C00D455FF7F0100000038
:04AC7400550100087E
:04AC7800310100089E
:10AC7C0008100000A4A5000800000000000000005F
:10AC8C0000000000000000000000000002000000B6
:10AC9C00D7A32D42D9CE67400AD783BF1201000239
:10ACAC0002000040E9288A010001010203010000B2
:10ACBC000902430002010080320904000001020273
:10ACCC0001000524001001052401000104240202E6
:10ACDC0005240600010705820308000A0904010087
:10ACEC00020A00000007050302400000070581026C
:10ACFC0040000000040309041603470069006700C4
:10AD0C006100440065007600690063006500000086
:10AD1C000000000000000000000000000000000027
:10AD2C000000000000000000000000000000000017
:10AD3C000000000000000000000000000000000007
:10AD4C0000000000000000000000000000000000F7
:10AD5C0000000000000000000000000000000000E7
:10AD6C0000000000000000000000000000000000D7
:10AD7C000000000000000000000000001A03470063
:10AD8C004400330032002D004300440043005F00B8
:10AD9C00410043004D0000000000000000000000D6
:10ADAC000000000000000000000000000000000097
:10ADBC000000000000000000000000000000000087
:10ADCC000000000000000000000000000000000077
:10ADDC000000000000000000000000000000000067
:10ADEC000000000000000000000000000000000057
:10ADFC000000000000000000000000000000000047
:10AE0C001A03000000000000000000000000000019
:10AE1C000000000000000000000000000000000026
:10AE2C000000000000000000000000000000000016
:10AE3C000000000000000000000000000000000006
:10AE4C0000000000000000000000000000000000F6
:10AE5C0000000000000000000000000000000000E6
:10AE6C0000000000000000000000000000000000D6
:10AE7C0000000000000000000000000000000000C6
:10AE8C000000000084000020880000200C0100203D
:10AE9C00900100202C000020400000200000000049
:10AEAC0014020020FF0000008D1C00082D1D00085E
:10AEBC00291E0008000000005B1D00089B1D0008F7
:10AECC00EF1D0008992400088D2500086D2300084B
:10AEDC004F2600086D23000811270008752700086D
:10AEEC001D2900083529000895290008792A000831
:10AEFC00D92A0008412B000885230008B723000835
:10AF0C006124000800600040293000086930000806
:10AF1C00113000089130000811430008E542000888
:10AF2C00B1420008B9300008BD310008B138000842
:10AF3C00033A00087D3D0008393E0008A541000891
:10AF4C00653A0008993B0008333D0008000E2707BE
:10AF5C0078660020AAAAAAAAEC0200200000000031
:10AF6C00306500209865002000660020000000007D
:10AF7C0000000000000000000000000000000000C5
:10AF8C0000000000000000000000000000000000B5
:10AF9C0000000000000000000000000000000000A5
:08AFAC0000000000000000009D
:0400000508004B8D17
:00000001FF
